#,handle,product_id,variant_id,title,old_price,new_price
1,supreme-new-york-yankees-kanji-hooded-sweatshirt-large,7699198509217,43015678328993,Supreme New York Yankees Kanji Hooded Sweatshirt,385.00,209.00
2,supreme-cross-track-jacket,8697182126241,46914523234465,Supreme Cross Track Jacket,376.00,279.00
3,supreme-the-north-face-s-logo-shoulder-bag-black,7144160952481,41271141105825,Supreme The North Face S Logo Shoulder Bag,280.00,129.00
4,supreme-rhinestone-hooded-sweatshirt-x-large,7140438999201,41262530658465,Supreme Rhinestone Hooded Sweatshirt,250.00,265.00
5,supreme-umbro-soccer-short-x-large,7699210109089,43015701430433,Supreme Umbro Soccer Short,235.00,209.00
6,supreme-umbro-soccer-jersey-white,7699209355425,43015699267745,Supreme Umbro Soccer Jersey,225.00,89.00
7,supreme-arabic-logo-hooded-sweatshirt,7004955213985,40915020906657,Supreme Arabic Logo Hooded Sweatshirt,200.00,229.00
8,supreme-shoulder-bag,8697181798561,46914522906785,Supreme Shoulder Bag,156.00,95.00
9,supreme-thrasher-multi-logo-l-s-tee-large,7140517773473,41262702756001,Supreme Thrasher Multi Logo L/S Tee,155.00,115.00
10,supreme-bleached-rib-beanie,7142332498081,41267304595617,Supreme Bleached Rib Beanie,155.00,62.00
11,supreme-face-tee-large,7140475338913,41262600781985,Supreme Face Tee,130.00,95.00
12,supreme-loose-gauge-beanie-fw21,7140625776801,41262878064801,Supreme Loose Gauge Beanie (FW21),125.00,99.00
13,supreme-loose-gauge-beanie,7143852605601,41270356377761,Supreme Loose Gauge Beanie,125.00,79.00
14,supreme-mini-shoulder-bag,8697181831329,46914522939553,Supreme Mini Shoulder Bag,120.00,82.00
15,supreme-pil-live-in-tokyo-tee-xxl,7699200082081,43015680229537,Supreme PiL Live In Tokyo Tee,115.00,59.00
16,supreme-ventile-s-logo-6-panel-fw21,7140630134945,41262885601441,Supreme Ventile S Logo 6-Panel,110.00,129.00
17,supreme-big-logo-beanie-fw21,7140454662305,41262561460385,Supreme Big Logo Beanie,110.00,89.00
18,supreme-you-still-suck-l-s-tee,8697182027937,46914523136161,Supreme You Still Suck L/S Tee,108.00,79.00
19,supreme-neck-pouch,8697181864097,46914522972321,Supreme Neck Pouch,108.00,75.00
20,supreme-yohji-yamamoto-game-over-tee,7008071745697,40916074987681,Supreme Yohji Yamamoto Game Over Tee,100.00,59.00
21,supreme-x-lee-scratch-perry-black-ark-cruiser-deck-black,7144441577633,41271656710305,Supreme x Lee Scratch Perry Black Ark Cruiser Deck - Black,100.00,65.00
22,supreme-thrasher-6-panel-small,7140492214433,41262640824481,Supreme Thrasher 6-Panel,100.00,55.00
23,supreme-the-north-face-paper-print-700-fill-down-scarf,7143892615329,41270437052577,Supreme The North Face Paper Print 700-Fill Down Scarf,100.00,55.00
24,supreme-new-era-sequin-beanie,7144435581089,41271648157857,Supreme New Era Sequin Beanie - Navy,100.00,49.00
25,supreme-new-era-rhinestone-beanie,7140450795681,41262548254881,Supreme New Era Rhinestone Beanie,100.00,79.00
26,supreme-eyes-tee-medium,7700340900001,43019705974945,Supreme Eyes Tee,100.00,75.00
27,supreme-bodies-skateboard-deck,7140621779105,41262871642273,Supreme Bodies Skateboard Deck,100.00,109.00
28,supreme-apes-tee,7008150487201,40916342145185,Supreme Apes Tee,100.00,49.00
29,supreme-sith-tee,8697182060705,46914523168929,Supreme Sith Tee,96.00,65.00
30,supreme-washed-chino-twill-camp-cap,8697181962401,46914523070625,Supreme Washed Chino Twill Camp Cap,96.00,79.00
31,supreme-money-beanie,8697181929633,46914523037857,Supreme Money Beanie,96.00,72.00
32,supreme-windstopper-earflap-box-logo-new-era-7-3-8,7143847198881,41270344581281,Supreme WINDSTOPPER Earflap Box Logo New Era,90.00,60.00
33,supreme-overdyed-camo-camp-cap,7142282166433,41267216482465,Supreme Overdyed Camo Camp Cap,90.00,75.00
34,supreme-nike-jacquard-logos-beanie,7142285803681,41267221856417,Supreme Nike Jacquard Logos Beanie,90.00,85.00
35,supreme-miles-davis-tee,7008144621729,40916325695649,Supreme Miles Davis Tee,90.00,95.00
36,supreme-koyaanisqatsi-tee,7008162709665,40916369965217,Supreme Koyaanisqatsi Tee,90.00,69.00
37,supreme-business-tee-medium,7699190546593,43015648313505,Supreme Business Tee,90.00,89.00
38,supreme-money-tee,8697182257313,46914523398305,Supreme Money Tee,88.00,59.00
39,supreme-puppies-tee,8697182224545,46914523365537,Supreme Puppies Tee,88.00,72.00
40,supreme-sticker-tee-small,7140465115297,41262581186721,Supreme Sticker Tee,85.00,69.00
41,supreme-ronin-tee-large,7699194380449,43015661519009,Supreme Ronin Tee,85.00,99.00
42,supreme-fine-wale-corduroy-s-logo-6-panel,7142330400929,41267298926753,Supreme Fine Wale Corduroy S Logo 6-Panel,85.00,89.00
43,supreme-wind-tee-medium,7008138428577,40916312195233,Supreme Wind Tee,80.00,85.00
44,supreme-tire-tee,7008092684449,40916161364129,Supreme Tire Tee,80.00,55.00
45,supreme-sun-tee-medium,7008134889633,40916302561441,Supreme Sun Tee,80.00,75.00
46,supreme-stack-tee-medium,7008065716385,40916053852321,Supreme Stack Tee,80.00,89.00
47,supreme-shadow-tee,7007966986401,40915656605857,Supreme Shadow Tee,80.00,69.00
48,supreme-scratch-tee,7007946571937,40915561742497,Supreme Scratch Tee,80.00,59.00
49,supreme-richest-tee-medium,7008097796257,40916186235041,Supreme Richest Tee,80.00,55.00
50,supreme-overdyed-beanie-ss21,7141613830305,41265264427169,Supreme Overdyed Beanie,80.00,65.00
51,supreme-multi-logos-tee-medium,7008172966049,40916416168097,Supreme Multi Logos Tee,80.00,75.00
52,supreme-mouse-tee-medium,7007963054241,40915640909985,Supreme Mouse Tee,80.00,59.00
53,supreme-morph-tee,7008159793313,40916365443233,Supreme Morph Tee,80.00,99.00
54,supreme-lovers-tee-medium,7008115949729,40916253311137,Supreme Lovers Tee,80.00,69.00
55,supreme-linen-fitted-camp-cap-black,7699213025441,43015707754657,Supreme Linen Fitted Camp Cap - M/L,80.00,55.00
56,keyboard-tee-large,7008156876961,40916360069281,Supreme Keyboard Tee,80.00,55.00
57,supreme-hnic-tee,7007843221665,40915145425057,Supreme HNIC Tee,80.00,75.00
58,supreme-float-tee-black,7699219316897,43015739080865,Supreme Float Tee,80.00,45.00
59,supreme-five-boroughs-tee-large,7007827853473,40915090374817,Supreme Five Boroughs Tee,80.00,69.00
60,supreme-dragon-tee-large,7008169394337,40916399587489,Supreme Dragon Tee,80.00,55.00
61,supreme-crest-tee-medium,7007956795553,40915605815457,Supreme Crest Tee,80.00,52.00
62,supreme-celtic-knot-skateboard-deck,7140634099873,41262893072545,Supreme Celtic Knot Skateboard Deck,80.00,99.00
63,supreme-balloons-tee,7008166019233,40916384088225,Supreme Balloons Tee,80.00,69.00
64,supreme-hanes-boxer-briefs-4-pack,8697182191777,46914523300001,Supreme Hanes Boxer Briefs (4 Pack) - Size Large,80.00,32.00
65,supreme-new-era-action-beanie,8697181995169,46914523103393,Supreme New Era Action Beanie,80.00,62.00
66,supreme-reversible-camo-beanie,8697181896865,46914523005089,Supreme Reversible Camo Beanie,80.00,52.00
67,supreme-thrasher-game-tee-medium,7140527014049,41262727332001,Supreme Thrasher Game Tee,75.00,62.00
68,supreme-monster-tee-x-l,7140461019297,41262572667041,Supreme Monster Tee,75.00,85.00
69,supreme-league-tee-xxl,7699192545441,43015657029793,Supreme League Tee,75.00,55.00
70,supreme-eyewear-tee-x-large,7699194675361,43015663517857,Supreme Eyewear Tee,75.00,95.00
71,supreme-champions-box-logo-new-era,7142340165793,41267325567137,Supreme Champions Box Logo New Era,75.00,55.00
72,supreme-body-snatchers-tee,7699192971425,43015657816225,Supreme Body Snatchers Tee,75.00,77.00
73,supreme-thrasher-skyline-tee-medium,7140487332001,41262630600865,Supreme Thrasher Skyline Tee,70.00,45.00
74,supreme-street-signs-beanie,7143839301793,41270321217697,Supreme Street Signs Beanie,70.00,63.00
75,supreme-nike-snakeskin-beanie,7142325321889,41267286737057,Supreme Nike Snakeskin Beanie,70.00,62.00
76,supreme-love-that-tee-medium,7699217285281,43015727939745,Supreme Love That Tee,70.00,68.00
77,supreme-ftp-beanie,7142269321377,41267186827425,Supreme FTP Beanie,70.00,119.00
78,supreme-deer-tee-medium,7699224297633,43015757988001,Supreme Deer Tee,70.00,89.00
79,supreme-capital-beanie-black,7699205816481,43015691174049,Supreme Capital Beanie,70.00,75.00
80,supreme-opinel-no-08-folding-knife-red,7144157511841,41271131766945,Supreme Opinel No.08 Folding Knife,65.00,59.00
81,supreme-usa-beanie,7140532388001,41262738931873,Supreme USA Beanie,60.00,52.00
82,supreme-rocker-tee-large,7140482220193,41262615855265,Supreme Rocker Tee,60.00,79.00
83,supreme-crash-tee-fw21-medium,7140469178529,41262590132385,Supreme Crash Tee,60.00,55.00
84,supreme-hanes-tagless-tees-3-pack,8697182093473,46914523201697,Supreme Hanes Tagless Tees (3 Pack) - Size XLarge,60.00,45.00
85,supreme-nike-lightweight-crew-socks-size-2,7699188973729,43015641530529,Supreme Nike Lightweight Crew Socks - Size 2,50.00,38.00
86,supreme-bottle-opener-webbing-keychain,7140522983585,41262715699361,Supreme Bottle Opener Webbing Keychain,50.00,40.00
87,supreme-hanes-crew-socks-4-pack,8697181765793,46914522874017,Supreme Hanes Crew Socks (4 Pack),48.00,19.00
88,supreme-x-colgate-toothpaste,7144448000161,41271672766625,Supreme x Colgate Toothpaste (Not Fit For Human Use),15.00,14.00
