#,item,size,store_price,ebay_sold_last_90d,stockx_last_sale,stockx_lowest_ask,stockx_sell_now_bid,suggested_price,where_to_sell,note,stockx_url
1,Supreme NY Yankees Kanji Hooded Sweatshirt - Red (FW22),L,385,no exact comps; similar Yankees hoodies $200-250,184,318,50,209,StockX ask,"Lowest L ask is $318, so $209 undercuts it; eBay $195 fallback",https://stockx.com/supreme-new-york-yankees-kanji-hooded-sweatshirt-red
2,Supreme Cross Track Jacket - Light Blue (FW26),XL,376,1 sale $460 (different listing),295,295,67,279,StockX ask,Current season: StockX moves it fastest,https://stockx.com/supreme-cross-track-jacket-light-blue
3,Supreme x TNF S Logo Shoulder Bag - Black (FW20),OS,280,$50-70,131,139,67,129,StockX ask,eBay comps are much lower; StockX is the better venue,https://stockx.com/supreme-the-north-face-s-logo-shoulder-bag-black
4,Supreme Rhinestone Hooded Sweatshirt - Black (FW21),XL,250,similar rhinestone hoodies $165-300,500,287,50,265,StockX ask,Store price is about right,https://stockx.com/supreme-rhinestone-hooded-sweatshirt-black
5,Supreme x Umbro Soccer Short - White (SS22),XL,235,SS22 XXL $220; others $95-150,217,325,30,209,StockX ask,eBay $199 fallback,https://stockx.com/supreme-umbro-soccer-short-white
6,Supreme x Umbro Soccer Jersey - White (SS22),? (check tag),225,white M $78 (best offer),29,550,50,89,eBay,Size unknown in Shopify; confirm size first,https://stockx.com/supreme-umbro-soccer-jersey-white
7,Supreme Arabic Logo Hooded Sweatshirt - Red (FW21),L,200,L new $215-270,220,430,50,229,StockX ask,UNDERPRICED in store; raise it,https://stockx.com/supreme-arabic-logo-hooded-sweatshirt-fw21-red
8,Supreme Shoulder Bag - Black (FW26),OS,156,new $89-98,99,99,75,95,StockX Sell Now $75 or ask $95,Bid is close to market: good instant-cash item,https://stockx.com/supreme-shoulder-bag-fw26-black
9,Supreme x Thrasher Multi Logo L/S Tee - Black (FW21),L,155,new $55; used $30-70,185,127,21,115,StockX ask,eBay $69 fallback,https://stockx.com/supreme-thrasher-multi-logo-l-s-tee-black
10,Supreme Bleached Rib Beanie - Navy (SS21),OS,155,none found,100,65,32,62,StockX ask,,https://stockx.com/supreme-bleached-rib-beanie-navy
11,Supreme Face Tee - Black (FW21),L,130,$50-100,86,113,26,95,StockX ask,eBay $85 fallback,https://stockx.com/supreme-face-tee-black
12,Supreme Loose Gauge Beanie - Green (FW21),OS,125,similar new $69-79,105,107,31,99,StockX ask,,https://stockx.com/supreme-loose-gauge-beanie-fw21-green
13,Supreme Loose Gauge Beanie - Navy (FW17),OS,125,used $30,83,125,25,79,StockX ask,eBay $65 fallback,https://stockx.com/supreme-loose-gauge-beanie-navy
14,Supreme Mini Shoulder Bag - Black (FW26),OS,120,new $85-100,85,85,64,82,StockX Sell Now $64 or ask $82,Bid is close to market: good instant-cash item,https://stockx.com/supreme-mini-shoulder-bag-fw26-black
15,Supreme PiL Live In Tokyo Tee - Black (FW22),XXL,115,$40-60,60,150,20,59,eBay,,https://stockx.com/supreme-pil-live-in-tokyo-tee-black
16,Supreme Ventile S Logo 6-Panel - Magenta (FW21),OS,110,other colors $45-80,134,135,,129,StockX ask,UNDERPRICED in store; raise it,https://stockx.com/supreme-ventile-s-logo-6-panel-fw21-magenta
17,Supreme Big Logo Beanie - Red (FW21),OS,110,$35-80,94,95,32,89,StockX ask,,https://stockx.com/supreme-big-logo-beanie-fw21-red
18,Supreme You Still Suck L/S Tee - Black (FW26),L,108,black M new $72; camo L $110,,,,79,eBay,Not on StockX,
19,Supreme Neck Pouch - Black (FW26),OS,108,older pouches $20-60,99,78,,75,StockX ask,,https://stockx.com/supreme-neck-pouch-fw26-black
20,Supreme Yohji Yamamoto Game Over Tee - Black (FW20),M,100,M new $55,60,64,29,59,eBay or StockX ask,,https://stockx.com/supreme-yohji-yamamoto-game-over-tee-black
21,Supreme x Lee Scratch Perry Black Ark Cruiser Deck - Black (FW20),OS,100,no exact comps,68,67,16,65,StockX ask,,https://stockx.com/supreme-x-lee-scratch-perry-black-ark-cruiser-deck-black
22,Supreme x Thrasher 6-Panel - Royal (FW21),OS,100,black version $29-30 new,54,300,,55,eBay or StockX ask,,https://stockx.com/supreme-thrasher-6-panel-royal
23,Supreme x TNF Paper Print 700-Fill Down Scarf (FW19),OS,100,1 odd sale ($6),37,60,32,55,StockX ask,,https://stockx.com/supreme-the-north-face-paper-print-700-fill-down-scarf-paper-print
24,Supreme New Era Sequin Beanie - Navy (FW20),OS,100,$30 used-$85 new (other colors),39,65,20,49,eBay,,https://stockx.com/supreme-new-era-sequin-beanie-navy
25,Supreme New Era Rhinestone Beanie - Black (FW21),OS,100,SS26 re-release $58-90,200,81,40,79,StockX ask,,https://stockx.com/supreme-new-era-rhinestone-beanie-black
26,Supreme Eyes Tee - Black (SS22),M,100,L $59-87,76,121,20,75,eBay,,https://stockx.com/supreme-eyes-tee-black
27,Supreme Bodies Skateboard Deck (FW21),OS,100,new sealed $110,104,120,65,109,StockX ask,Store price is about right,https://stockx.com/supreme-bodies-skateboard-deck
28,Supreme Apes Tee - Light Pine (SS21),M,100,other colors $45-80,41,195,31,49,eBay,,https://stockx.com/supreme-apes-tee-light-pine
