Designer,Title,Category,Size,Condition,Price,Description,Photo URLs,Product URL,Proposed SKU
Supreme,Supreme Yohji Yamamoto Game Over Tee,,,,100.00,"<div data-component=""product-trait"" class=""css-1rupy4j"" style=""text-align: center;""><strong><span class=""chakra-text css-k2wirk"">Season</span></strong></div>
<div data-component=""product-trait"" class=""css-1rupy4j"" style=""text-align: center;""></div>
<div data-component=""product-trait"" class=""css-1rupy4j"" style=""text-align: center;"">FW20</div>
<div data-component=""product-trait"" class=""css-1rupy4j"" style=""text-align: center;""><strong><span class=""chakra-text css-k2wirk""></span></strong></div>
<div data-component=""product-trait"" class=""css-1rupy4j"" style=""text-align: center;""><strong><span class=""chakra-text css-k2wirk"">Color</span></strong></div>
<div data-component=""product-trait"" class=""css-1rupy4j"" style=""text-align: center;""></div>
<div data-component=""product-trait"" class=""css-1rupy4j"" style=""text-align: center;"">BLACK</div>
<div data-component=""product-trait"" class=""css-1rupy4j"" style=""text-align: center;""><strong></strong></div>
<div data-component=""product-trait"" class=""css-1r...",https://cdn.shopify.com/s/files/1/0597/9196/6369/products/image_d6e91bfa-46a3-4cd3-b04a-072961bfe4a6.jpg?v=1632461350,https://premeftp.shop/products/supreme-yohji-yamamoto-game-over-tee,FW20-TEE-YOHJ-BLK-M
Supreme,Supreme x Lee Scratch Perry Black Ark Cruiser Deck - Black,,,,100.00,"<div data-component=""ProductTraits"" class=""css-1cs6h8q"">
<div data-component=""product-trait"" class=""css-129xwka"">
<span class=""chakra-text css-1t6bihi"">Season</span>
<p class=""chakra-text css-1h7lzbl"">FW20
</div>
<div data-component=""product-trait"" class=""css-129xwka"">
<span class=""chakra-text css-1t6bihi"">Color</span>
<p class=""chakra-text css-1h7lzbl"">BLACK
</div>
<div data-component=""product-trait"" class=""css-129xwka"">
<span class=""chakra-text css-1t6bihi"">Release Date</span>
<p class=""chakra-text css-1h7lzbl"">10/15/2020
</div>
</div>
<div data-component=""ProductDescription"" class=""css-ee9ask"">
<h2 class=""chakra-heading css-1stuxff"">Product Description</h2>
<div class=""chakra-collapse"">
<p class=""chakra-text css-qeb57l"">Supreme and Jamaican record producer Lee Scratch Perry have teamed up for another collaboration. This time, the artist brought his signature writing style to jeans, jackets, hoodie, shirts, and these Cruiser Decks. The Supreme x Lee Scratch Perry Black Ark Cruiser...",https://cdn.shopify.com/s/files/1/0597/9196/6369/files/Supreme-x-Lee-Scratch-Perry-Black-Ark-Cruiser-Deck-Black.webp?v=1683493327;https://cdn.shopify.com/s/files/1/0597/9196/6369/files/Supreme-x-Lee-Scratch-Perry-Black-Ark-Cruiser-Deck-Black-2.webp?v=1683493342,https://premeftp.shop/products/supreme-x-lee-scratch-perry-black-ark-cruiser-deck-black,FW20-DECK-LEE-BLK-OS
Supreme,Supreme x Colgate Toothpaste (Not Fit For Human Use),,,,15.00,"Supreme x Colgate Toothpaste from the Fall/Winter 2020 collection. Released October 8, 2020.
<strong>Important:</strong> This product is labeled <strong>Not Fit For Human Use</strong>.
<strong>Season:</strong> FW20
<strong>Release date:</strong> October 8, 2020",https://cdn.shopify.com/s/files/1/0597/9196/6369/files/Supreme-x-Colgate-Toothpaste-8x-Lot-Not-Fit-For-Human-Use.webp?v=1683493272;https://cdn.shopify.com/s/files/1/0597/9196/6369/files/Supreme-x-Colgate-Toothpaste-4x-Lot-Not-Fit-For-Human-Use.webp?v=1683493272,https://premeftp.shop/products/supreme-x-colgate-toothpaste,FW20-MISC-COLG-NA-OS
Supreme,Supreme WINDSTOPPER Earflap Box Logo New Era,,,,90.00,"Supreme WINDSTOPPER Earflap Box Logo New Era in pink, size 7 3/8, from the Fall/Winter 2020 collection. Released December 24, 2020.
<strong>Season:</strong> FW20
<strong>Color:</strong> Pink
<strong>Size:</strong> 7 3/8
<strong>Release date:</strong> December 24, 2020",https://cdn.shopify.com/s/files/1/0597/9196/6369/files/Supreme-WINDSTOPPER-Earflap-Box-Logo-New-Era-Pink.webp?v=1683492992,https://premeftp.shop/products/supreme-windstopper-earflap-box-logo-new-era-7-3-8,FW20-NERA-WIND-PNK-OS
Supreme,Supreme Wind Tee,,,,80.00,"Supreme Wind Tee in black/purple, size Medium, from the Spring/Summer 2021 collection. Released February 18, 2021.
<strong>Season:</strong> SS21
<strong>Color:</strong> Black/Purple
<strong>Size:</strong> Medium
<strong>Release date:</strong> February 18, 2021",https://cdn.shopify.com/s/files/1/0597/9196/6369/products/image_af6f96df-e9e9-4817-a3e8-cae8926b5852.jpg?v=1632465703,https://premeftp.shop/products/supreme-wind-tee-medium,SS21-TEE-WIND-BLK-M
Supreme,Supreme Ventile S Logo 6-Panel,,,,110.00,"Supreme Ventile S Logo 6-Panel in magenta from the Fall/Winter 2021 collection. Released August 19, 2021.
<strong>Season:</strong> FW21
<strong>Color:</strong> Magenta
<strong>Release date:</strong> August 19, 2021",https://cdn.shopify.com/s/files/1/0597/9196/6369/files/03a.jpg?v=1787364687;https://cdn.shopify.com/s/files/1/0597/9196/6369/files/03b.jpg?v=1787364687;https://cdn.shopify.com/s/files/1/0597/9196/6369/files/03c.jpg?v=1787364687,https://premeftp.shop/products/supreme-ventile-s-logo-6-panel-fw21,FW21-6PNL-VENT-NA-OS
Supreme,Supreme USA Beanie,,,,60.00,"Supreme USA Beanie in heather grey from the Fall/Winter 2021 collection. Released August 19, 2021.
<strong>Season:</strong> FW21
<strong>Color:</strong> Heather Grey
<strong>Release date:</strong> August 19, 2021",https://cdn.shopify.com/s/files/1/0597/9196/6369/files/Supreme-USA-Beanie-Heather-Grey.webp?v=1683492457,https://premeftp.shop/products/supreme-usa-beanie,FW21-BEAN-USA-NA-OS
Supreme,Supreme Umbro Soccer Short,,,,235.00,"Supreme x Umbro Soccer Short in white from the Spring/Summer 2022 collection. This product is X-Large and was released July 7, 2022.
<strong>Season:</strong> SS22
<strong>Color:</strong> White
<strong>Size:</strong> X-Large
<strong>Release date:</strong> July 7, 2022",https://cdn.shopify.com/s/files/1/0597/9196/6369/files/Supreme-Umbro-Soccer-Short-White.webp?v=1683251139;https://cdn.shopify.com/s/files/1/0597/9196/6369/files/Supreme-Umbro-Soccer-Short-White-2.webp?v=1683251139,https://premeftp.shop/products/supreme-umbro-soccer-short-x-large,SS22-SHRT-UMBR-WHT-XL
Supreme,Supreme Umbro Soccer Jersey,,,,225.00,"Supreme x Umbro Soccer Jersey in white from the Spring/Summer 2022 collection. Released July 7, 2022.
<strong>Season:</strong> SS22
<strong>Color:</strong> White
<strong>Release date:</strong> July 7, 2022",https://cdn.shopify.com/s/files/1/0597/9196/6369/files/Supreme-Umbro-Soccer-Jersey-White.webp?v=1683250821;https://cdn.shopify.com/s/files/1/0597/9196/6369/files/Supreme-Umbro-Soccer-Jersey-White-2.webp?v=1683250822,https://premeftp.shop/products/supreme-umbro-soccer-jersey-white,SS22-JRSY-UMBR-WHT-OS
Supreme,Supreme Tire Tee,,,,80.00,"Supreme Tire Tee in heather grey, size Medium, from the Fall/Winter 2020 collection. Released August 20, 2020.
<strong>Season:</strong> FW20
<strong>Color:</strong> Heather Grey
<strong>Size:</strong> Medium
<strong>Release date:</strong> August 20, 2020",https://cdn.shopify.com/s/files/1/0597/9196/6369/products/image_a7a968e5-eb3c-4817-a687-94233e8cec8b.jpg?v=1632462680,https://premeftp.shop/products/supreme-tire-tee,FW20-TEE-TIRE-NA-M
Supreme,Supreme Thrasher Skyline Tee,,,,70.00,"Supreme x Thrasher Skyline Tee in royal, size Medium, from the Fall/Winter 2021 collection. Released September 23, 2021.
<strong>Season:</strong> FW21
<strong>Color:</strong> Royal
<strong>Size:</strong> Medium
<strong>Release date:</strong> September 23, 2021",https://cdn.shopify.com/s/files/1/0597/9196/6369/files/Supreme-Thrasher-Skyline-Tee-Royal.webp?v=1683492173,https://premeftp.shop/products/supreme-thrasher-skyline-tee-medium,FW21-TEE-THRA-NA-M
Supreme,Supreme Thrasher Multi Logo L/S Tee,,,,155.00,"Supreme x Thrasher Multi Logo long-sleeve tee in black, size Large, from the Fall/Winter 2021 collection. Released September 23, 2021.
<strong>Season:</strong> FW21
<strong>Color:</strong> Black
<strong>Size:</strong> Large
<strong>Release date:</strong> September 23, 2021",https://cdn.shopify.com/s/files/1/0597/9196/6369/files/Supreme-Thrasher-Multi-Logo-L-S-Tee-Black.webp?v=1683491466,https://premeftp.shop/products/supreme-thrasher-multi-logo-l-s-tee-large,FW21-LST-THRA-BLK-L
Supreme,Supreme Thrasher Game Tee,,,,75.00,"Supreme x Thrasher Game Tee in royal, size Medium, from the Fall/Winter 2021 collection. Released September 23, 2021.
<strong>Season:</strong> FW21
<strong>Color:</strong> Royal
<strong>Size:</strong> Medium
<strong>Release date:</strong> September 23, 2021",https://cdn.shopify.com/s/files/1/0597/9196/6369/files/Supreme-Thrasher-Game-Tee-Royal.webp?v=1683491358;https://cdn.shopify.com/s/files/1/0597/9196/6369/files/Supreme-Thrasher-Game-Tee-Royal-2.webp?v=1683491376,https://premeftp.shop/products/supreme-thrasher-game-tee-medium,FW21-TEE-THRA-NA-M2
Supreme,Supreme Thrasher 6-Panel,,,,100.00,"Supreme x Thrasher 6-Panel in royal, size Small, from the Fall/Winter 2021 collection. Released September 23, 2021.
<strong>Season:</strong> FW21
<strong>Color:</strong> Royal
<strong>Size:</strong> Small
<strong>Release date:</strong> September 23, 2021",https://cdn.shopify.com/s/files/1/0597/9196/6369/files/Supreme-Thrasher-6-Panel-Royal.webp?v=1683491249;https://cdn.shopify.com/s/files/1/0597/9196/6369/files/Supreme-Thrasher-6-Panel-Royal-2.webp?v=1683491267,https://premeftp.shop/products/supreme-thrasher-6-panel-small,FW21-6PNL-THRA-NA-S
Supreme,Supreme The North Face S Logo Shoulder Bag,,,,280.00,"Supreme x The North Face S Logo Shoulder Bag in black from the Fall/Winter 2020 collection. Released October 29, 2020.
<strong>Season:</strong> FW20
<strong>Color:</strong> Black
<strong>Release date:</strong> October 29, 2020",https://cdn.shopify.com/s/files/1/0597/9196/6369/files/Supreme-The-North-Face-S-Logo-Shoulder-Bag-Black.webp?v=1683491156;https://cdn.shopify.com/s/files/1/0597/9196/6369/files/Supreme-The-North-Face-S-Logo-Shoulder-Bag-Black-2.webp?v=1683491186,https://premeftp.shop/products/supreme-the-north-face-s-logo-shoulder-bag-black,FW20-SBAG-NORT-BLK-OS
Supreme,Supreme The North Face Paper Print 700-Fill Down Scarf,,,,100.00,"Supreme x The North Face Paper Print 700-Fill Down Scarf from the Fall/Winter 2019 collection. Released December 26, 2019.
<strong>Season:</strong> FW19
<strong>Color:</strong> Paper Print
<strong>Release date:</strong> December 26, 2019",https://cdn.shopify.com/s/files/1/0597/9196/6369/files/Supreme-The-North-Face-Paper-Print-700-Fill-Down-Scarf-Paper-Print.webp?v=1683491096,https://premeftp.shop/products/supreme-the-north-face-paper-print-700-fill-down-scarf,FW19-SCRF-NORT-NA-OS
Supreme,Supreme Sun Tee,,,,80.00,"Supreme Sun Tee in red, size Medium, from the Fall/Winter 2020 collection. Released October 8, 2020.
<strong>Season:</strong> FW20
<strong>Color:</strong> Red
<strong>Size:</strong> Medium
<strong>Release date:</strong> October 8, 2020",https://cdn.shopify.com/s/files/1/0597/9196/6369/products/image_5ee22f8d-894f-4d7d-9646-eeb772bca586.jpg?v=1632465467,https://premeftp.shop/products/supreme-sun-tee-medium,FW20-TEE-SUN-RED-M
Supreme,Supreme Street Signs Beanie,,,,70.00,"Supreme Street Signs Beanie in black from the Spring/Summer 2021 collection. Released February 18, 2021.
<strong>Season:</strong> SS21
<strong>Color:</strong> Black
<strong>Release date:</strong> February 18, 2021",https://cdn.shopify.com/s/files/1/0597/9196/6369/files/Supreme-Street-Signs-Beanie-Black-Sample-Image.webp?v=1683490831,https://premeftp.shop/products/supreme-street-signs-beanie,SS21-BEAN-STRE-BLK-OS
Supreme,Supreme Sticker Tee,,,,85.00,"Supreme Sticker Tee in burgundy, size Small, from the Fall/Winter 2021 collection. Released October 7, 2021.
<strong>Season:</strong> FW21
<strong>Color:</strong> Burgundy
<strong>Size:</strong> Small
<strong>Release date:</strong> October 7, 2021",https://cdn.shopify.com/s/files/1/0597/9196/6369/files/Supreme-Sticker-Tee-Burgundy.webp?v=1683490764,https://premeftp.shop/products/supreme-sticker-tee-small,FW21-TEE-SMAL-BUR-S
Supreme,Supreme Stack Tee,,,,80.00,"<meta charset=""UTF-8"">

<span>Composed of 100% cotton, the Supreme Stack Tee Black features original photo collage artwork from New York artist Weirdo Dave. In the graphic, a stack of magazine clippings creates a colorful backdrop for a black panel featuring the famous Supreme Motion Logo.</span>
<div data-component=""product-trait"" class=""css-1rupy4j"" style=""text-align: center;"">
<strong><span class=""chakra-text css-k2wirk"">Season</span></strong>
<p class=""chakra-text css-xxhgqu"">FW21
</div>
<div data-component=""product-trait"" class=""css-1rupy4j"" style=""text-align: center;"">
<strong><span class=""chakra-text css-k2wirk"">Color</span></strong>
<p class=""chakra-text css-xxhgqu"">BLACK
<p class=""chakra-text css-xxhgqu""><strong>Release Date</strong>
</div>
<div data-component=""product-trait"" class=""css-1rupy4j"">
<p class=""chakra-text css-xxhgqu"" style=""text-align: center;"">08/19/2021
</div>",https://cdn.shopify.com/s/files/1/0597/9196/6369/products/image_7d7ddf3f-e433-404d-a12c-393dac1e7607.jpg?v=1632460936,https://premeftp.shop/products/supreme-stack-tee-medium,FW21-TEE-STAC-BLK-M
Supreme,Supreme Shadow Tee,,,,80.00,"Supreme Shadow Tee in navy, size Medium, from the Fall/Winter 2021 collection. Released August 19, 2021.
<strong>Season:</strong> FW21
<strong>Color:</strong> Navy
<strong>Size:</strong> Medium
<strong>Release date:</strong> August 19, 2021",https://cdn.shopify.com/s/files/1/0597/9196/6369/products/image_3c219f1a-ba78-4809-988c-11ccc411ec49.jpg?v=1632455386,https://premeftp.shop/products/supreme-shadow-tee,FW21-TEE-SHAD-NVY-M
Supreme,Supreme Scratch Tee,,,,80.00,"Supreme Scratch Tee in bright blue, size Medium, from the Fall/Winter 2020 collection. Released October 8, 2020.
<strong>Season:</strong> FW20
<strong>Color:</strong> Bright Blue
<strong>Size:</strong> Medium
<strong>Release date:</strong> October 8, 2020",https://cdn.shopify.com/s/files/1/0597/9196/6369/products/image_ab07d0c5-e7f2-46d9-a27a-d446c665764f.jpg?v=1632453853,https://premeftp.shop/products/supreme-scratch-tee,FW20-TEE-SCRA-NA-M
Supreme,Supreme Ronin Tee,,,,85.00,"Supreme Ronin Tee in black, size Large, from the Spring/Summer 2023 collection. Released April 20, 2023.
<strong>Season:</strong> SS23
<strong>Color:</strong> Black
<strong>Size:</strong> Large
<strong>Release date:</strong> April 20, 2023",https://cdn.shopify.com/s/files/1/0597/9196/6369/files/Supreme-Ronin-Tee-Black.webp?v=1683246250;https://cdn.shopify.com/s/files/1/0597/9196/6369/files/Supreme-Ronin-Tee-Black-2.webp?v=1683246250,https://premeftp.shop/products/supreme-ronin-tee-large,SS23-TEE-RONI-BLK-L
Supreme,Supreme Rocker Tee,,,,60.00,"<meta charset=""UTF-8"">
<div data-component=""ProductTraits"" class=""css-1cs6h8q"" data-mce-fragment=""1"">
<div data-component=""product-trait"" class=""css-129xwka"" data-mce-fragment=""1"">
<span class=""chakra-text css-1t6bihi"" data-mce-fragment=""1"">Season</span>
<p class=""chakra-text css-1h7lzbl"" data-mce-fragment=""1"">FW21
</div>
<div data-component=""product-trait"" class=""css-129xwka"" data-mce-fragment=""1"">
<span class=""chakra-text css-1t6bihi"" data-mce-fragment=""1"">Color</span>
<p class=""chakra-text css-1h7lzbl"" data-mce-fragment=""1"">BLACK
</div>
<div data-component=""product-trait"" class=""css-129xwka"" data-mce-fragment=""1"">
<span class=""chakra-text css-1t6bihi"" data-mce-fragment=""1"">Release Date</span>
<p class=""chakra-text css-1h7lzbl"" data-mce-fragment=""1"">10/07/2021
</div>
</div>
<div data-component=""ProductDescription"" class=""css-ee9ask"" data-mce-fragment=""1"">
<h2 class=""chakra-heading css-1stuxff"" data-mce-fragment=""1"">Product Description</h2>
<div class=""chakra-collapse"" data-mce-fra...",https://cdn.shopify.com/s/files/1/0597/9196/6369/files/Supreme-Rocker-Tee-Black.webp?v=1683490161,https://premeftp.shop/products/supreme-rocker-tee-large,FW21-TEE-ROCK-BLK-L
Supreme,Supreme Richest Tee,,,,80.00,"<meta charset=""UTF-8"">

<span>Made of 100% cotton, the Supreme Richest Tee Black features a front graphic with alien lifeforms sitting atop a stack of money. At the top of the graphic, yellow Supreme text completes the design.</span>
<div data-component=""product-trait"" class=""css-1rupy4j"" style=""text-align: center;"">
<strong><span class=""chakra-text css-k2wirk"">Season</span></strong>
<p class=""chakra-text css-xxhgqu"">FW21
</div>
<div data-component=""product-trait"" class=""css-1rupy4j"" style=""text-align: center;"">
<strong><span class=""chakra-text css-k2wirk"">Color</span></strong>
<p class=""chakra-text css-xxhgqu"">BLACK
<p class=""chakra-text css-xxhgqu""><strong>Release Date</strong>
</div>
<div data-component=""product-trait"" class=""css-1rupy4j"">
<p class=""chakra-text css-xxhgqu"" style=""text-align: center;"">08/19/2021
</div>",https://cdn.shopify.com/s/files/1/0597/9196/6369/products/image_220d6490-95c6-43ab-b22a-723b149e2de9.jpg?v=1632463006,https://premeftp.shop/products/supreme-richest-tee-medium,FW21-TEE-RICH-BLK-M
Supreme,Supreme Rhinestone Hooded Sweatshirt,,,,250.00,"Supreme Rhinestone Hooded Sweatshirt in black from the Fall/Winter 2021 collection. This product is X-Large and was released October 14, 2021.
<strong>Season:</strong> FW21
<strong>Color:</strong> Black
<strong>Size:</strong> X-Large
<strong>Release date:</strong> October 14, 2021",https://cdn.shopify.com/s/files/1/0597/9196/6369/products/6FC34C21-8F43-454A-9ED2-930239D31D15.jpg?v=1637821647,https://premeftp.shop/products/supreme-rhinestone-hooded-sweatshirt-x-large,FW21-HOOD-RHIN-BLK-XL
Supreme,Supreme PiL Live In Tokyo Tee,,,,115.00,"Supreme PiL Live In Tokyo Tee in black, size XXL, from the Fall/Winter 2022 collection. Released November 17, 2022.
<strong>Season:</strong> FW22
<strong>Color:</strong> Black
<strong>Size:</strong> XXL
<strong>Release date:</strong> November 17, 2022",https://cdn.shopify.com/s/files/1/0597/9196/6369/files/Supreme-PiL-Live-In-Tokyo-Tee-Black.webp?v=1683248834;https://cdn.shopify.com/s/files/1/0597/9196/6369/files/Supreme-PiL-Live-In-Tokyo-Tee-Black-2.webp?v=1683248835,https://premeftp.shop/products/supreme-pil-live-in-tokyo-tee-xxl,FW22-TEE-PIL-BLK-XXL
Supreme,Supreme Overdyed Camo Camp Cap,,,,90.00,"Supreme Overdyed Camo Camp Cap in pink from the Spring/Summer 2021 collection. Released March 18, 2021.
<strong>Season:</strong> SS21
<strong>Color:</strong> Pink
<strong>Release date:</strong> March 18, 2021",https://cdn.shopify.com/s/files/1/0597/9196/6369/files/Supreme-Overdyed-Beanie-SS21-Black-Sample-Image-2_861ba4a7-7339-47f2-b6b1-8b9eaaf449a9.webp?v=1683490050,https://premeftp.shop/products/supreme-overdyed-camo-camp-cap,SS21-CAMP-OVER-PNK-OS
Supreme,Supreme Overdyed Beanie,,,,80.00,"<meta charset=""UTF-8"">
<div data-component=""ProductTraits"" class=""css-1cs6h8q"" data-mce-fragment=""1"">
<div data-component=""product-trait"" class=""css-129xwka"" data-mce-fragment=""1"">
<span class=""chakra-text css-1t6bihi"" data-mce-fragment=""1"">Season</span>
<p class=""chakra-text css-1h7lzbl"" data-mce-fragment=""1"">SS21
</div>
<div data-component=""product-trait"" class=""css-129xwka"" data-mce-fragment=""1"">
<span class=""chakra-text css-1t6bihi"" data-mce-fragment=""1"">Color</span>
<p class=""chakra-text css-1h7lzbl"" data-mce-fragment=""1"">BLACK
</div>
<div data-component=""product-trait"" class=""css-129xwka"" data-mce-fragment=""1"">
<span class=""chakra-text css-1t6bihi"" data-mce-fragment=""1"">Release Date</span>
<p class=""chakra-text css-1h7lzbl"" data-mce-fragment=""1"">03/18/2021
</div>
<div data-component=""product-trait"" class=""css-129xwka"" data-mce-fragment=""1"">
<span class=""chakra-text css-1t6bihi"" data-mce-fragment=""1"">Retail</span>
<p class=""chakra-text css-1h7lzbl"" data-mce-fragment=""1"">$38
</d...",https://cdn.shopify.com/s/files/1/0597/9196/6369/files/Supreme-Overdyed-Beanie-SS21-Black-Sample-Image-2.webp?v=1683489768,https://premeftp.shop/products/supreme-overdyed-beanie-ss21,SS21-BEAN-OVER-BLK-OS
Supreme,Supreme Opinel No.08 Folding Knife,,,,65.00,"Supreme Opinel No.08 Folding Knife in red from the Fall/Winter 2020 collection. This product was released on November 12, 2020.
<strong>Season:</strong> FW20
<strong>Color:</strong> Red
<strong>Release date:</strong> November 12, 2020",https://cdn.shopify.com/s/files/1/0597/9196/6369/files/supreme_opinel_no_08_folding_knife_red_0_31645.webp?v=1788572183,https://premeftp.shop/products/supreme-opinel-no-08-folding-knife-red,FW20-KNFE-OPIN-RED-OS
Supreme,Supreme Nike Snakeskin Beanie,,,,70.00,"<meta charset=""UTF-8"">
<div data-component=""ProductTraits"" class=""css-1cs6h8q"" data-mce-fragment=""1"">
<div data-component=""product-trait"" class=""css-129xwka"" data-mce-fragment=""1"">
<span class=""chakra-text css-1t6bihi"" data-mce-fragment=""1"">Season</span>
<p class=""chakra-text css-1h7lzbl"" data-mce-fragment=""1"">SS21
</div>
<div data-component=""product-trait"" class=""css-129xwka"" data-mce-fragment=""1"">
<span class=""chakra-text css-1t6bihi"" data-mce-fragment=""1"">Color</span>
<p class=""chakra-text css-1h7lzbl"" data-mce-fragment=""1"">BLACK
</div>
<div data-component=""product-trait"" class=""css-129xwka"" data-mce-fragment=""1"">
<span class=""chakra-text css-1t6bihi"" data-mce-fragment=""1"">Release Date</span>
<p class=""chakra-text css-1h7lzbl"" data-mce-fragment=""1"">03/11/2021
</div>
</div>
<div data-component=""ProductDescription"" class=""css-ee9ask"" data-mce-fragment=""1"">
<h2 class=""chakra-heading css-1stuxff"" data-mce-fragment=""1"">Product Description</h2>
<div class=""chakra-collapse"" data-mce-fra...",https://cdn.shopify.com/s/files/1/0597/9196/6369/files/Supreme-Nike-Snakeskin-Beanie-Black.webp?v=1683489507;https://cdn.shopify.com/s/files/1/0597/9196/6369/files/Supreme-Nike-Snakeskin-Beanie-Black-2.webp?v=1683489531,https://premeftp.shop/products/supreme-nike-snakeskin-beanie,SS21-BEAN-NIKE-BLK-OS
Supreme,Supreme Nike Lightweight Crew Socks - Size 2,,,,50.00,"<meta charset=""utf-8"">
<div class=""css-l4s3xe"">
<div data-component=""ProductTraits"" class=""css-17w8l66"">
<div style=""text-align: center;"" data-component=""product-trait"" class=""css-101wtdy""><strong><span class=""chakra-text css-1px41cy"">Season</span></strong></div>
<div style=""text-align: center;"" data-component=""product-trait"" class=""css-101wtdy"">
<strong><span class=""chakra-text css-1px41cy""></span></strong>

</div>
<div style=""text-align: center;"" data-component=""product-trait"" class=""css-101wtdy"">
<p class=""chakra-text css-wgsjnl"">SS21

</div>
<div style=""text-align: center;"" data-component=""product-trait"" class=""css-101wtdy""><strong><span class=""chakra-text css-1px41cy"">Color</span></strong></div>
<div style=""text-align: center;"" data-component=""product-trait"" class=""css-101wtdy"">
<strong><span class=""chakra-text css-1px41cy""></span></strong>

</div>
<div style=""text-align: center;"" data-component=""product-trait"" class=""css-101wtdy"">RED</div>
<div style=""text-align: center;"" data...",https://cdn.shopify.com/s/files/1/0597/9196/6369/files/Supreme-Nike-Lightweight-Crew-Socks-Red.webp?v=1683243947,https://premeftp.shop/products/supreme-nike-lightweight-crew-socks-size-2,SS21-SOCK-NIKE-RED-OS
Supreme,Supreme Nike Jacquard Logos Beanie,,,,90.00,"Supreme x Nike Jacquard Logos Beanie in blue from the Spring/Summer 2021 collection. Released March 11, 2021.
<strong>Season:</strong> SS21
<strong>Color:</strong> Blue
<strong>Release date:</strong> March 11, 2021",https://cdn.shopify.com/s/files/1/0597/9196/6369/files/Supreme-Nike-Jacquard-Logos-Beanie-Blue.webp?v=1683489383,https://premeftp.shop/products/supreme-nike-jacquard-logos-beanie,SS21-BEAN-NIKE-BLU-OS
Supreme,Supreme New York Yankees Kanji Hooded Sweatshirt,,,,385.00,"Supreme New York Yankees Kanji Hooded Sweatshirt in red from the Fall/Winter 2022 collection. This product is Large and was released November 10, 2022.
<strong>Season:</strong> FW22
<strong>Color:</strong> Red
<strong>Size:</strong> Large
<strong>Release date:</strong> November 10, 2022",https://cdn.shopify.com/s/files/1/0597/9196/6369/files/Supreme-New-York-Yankees-Kanji-Hooded-Sweatshirt-Red.webp?v=1683248592;https://cdn.shopify.com/s/files/1/0597/9196/6369/files/Supreme-New-York-Yankees-Kanji-Hooded-Sweatshirt-Red-2.webp?v=1683248593,https://premeftp.shop/products/supreme-new-york-yankees-kanji-hooded-sweatshirt-large,FW22-HOOD-YORK-RED-L
Supreme,Supreme New Era Sequin Beanie - Navy,,,,100.00,"Supreme New Era Sequin Beanie in navy from the Fall/Winter 2020 collection. Released October 29, 2020.
<strong>Season:</strong> FW20
<strong>Color:</strong> Navy
<strong>Release date:</strong> October 29, 2020",https://cdn.shopify.com/s/files/1/0597/9196/6369/files/Supreme-New-Era-Sequin-Beanie-Navy.webp?v=1683489158;https://cdn.shopify.com/s/files/1/0597/9196/6369/files/Supreme-New-Era-Sequin-Beanie-Navy-2.webp?v=1683489192,https://premeftp.shop/products/supreme-new-era-sequin-beanie,FW20-BEAN-SEQU-NVY-OS
Supreme,Supreme New Era Rhinestone Beanie,,,,100.00,"Supreme New Era Rhinestone Beanie in black from the Fall/Winter 2021 collection. Released October 14, 2021.
<strong>Season:</strong> FW21
<strong>Color:</strong> Black
<strong>Release date:</strong> October 14, 2021",https://cdn.shopify.com/s/files/1/0597/9196/6369/files/Supreme-New-Era-Rhinestone-Beanie-Black.webp?v=1683488800;https://cdn.shopify.com/s/files/1/0597/9196/6369/files/Supreme-New-Era-Rhinestone-Beanie-Black-2.webp?v=1683488829,https://premeftp.shop/products/supreme-new-era-rhinestone-beanie,FW21-BEAN-RHIN-BLK-OS
Supreme,Supreme Multi Logos Tee,,,,80.00,"Supreme Multi Logos Tee in woodland camo, size Medium, from the Fall/Winter 2021 collection. Released August 19, 2021.
<strong>Season:</strong> FW21
<strong>Color:</strong> Woodland Camo
<strong>Size:</strong> Medium
<strong>Release date:</strong> August 19, 2021",https://cdn.shopify.com/s/files/1/0597/9196/6369/products/image_72505d51-1073-4572-9ab1-7d521cc92194.jpg?v=1632467826,https://premeftp.shop/products/supreme-multi-logos-tee-medium,FW21-TEE-MULT-NA-M
Supreme,Supreme Mouse Tee,,,,80.00,"Supreme Mouse Tee in black, size Medium, from the Spring/Summer 2021 collection. Released February 18, 2021.
<strong>Season:</strong> SS21
<strong>Color:</strong> Black
<strong>Size:</strong> Medium
<strong>Release date:</strong> February 18, 2021",https://cdn.shopify.com/s/files/1/0597/9196/6369/products/image_03b1d48e-0dbb-4167-84e6-297dfd635f75.jpg?v=1632455062,https://premeftp.shop/products/supreme-mouse-tee-medium,SS21-TEE-MOUS-BLK-M
Supreme,Supreme Morph Tee,,,,80.00,"<span>Released as a part of SS20's Week 8 release, the Supreme Morph Tee was among seven spring tees to drop. The Morph Tee features original artwork by tattoo artist Keegan Dakkar, depicting a Supreme logo on the front and one of his popular designs of a cat on the back.</span>
<div data-component=""product-trait"" class=""css-1rupy4j"" style=""text-align: center;"">
<strong><span class=""chakra-text css-k2wirk"">Season</span></strong>
<p class=""chakra-text css-xxhgqu"">SS20
</div>
<div data-component=""product-trait"" class=""css-1rupy4j"" style=""text-align: center;"">
<strong><span class=""chakra-text css-k2wirk"">Color</span></strong>
<p class=""chakra-text css-xxhgqu"">BLACK
<p class=""chakra-text css-xxhgqu""><strong>Release Date</strong>
</div>
<div data-component=""product-trait"" class=""css-1rupy4j"">
<p class=""chakra-text css-xxhgqu"" style=""text-align: center;"">04/16/2020
</div>",https://cdn.shopify.com/s/files/1/0597/9196/6369/products/image_fc15d87e-4fa6-48ef-b255-84c0a1897788.jpg?v=1632466910;https://cdn.shopify.com/s/files/1/0597/9196/6369/products/image_35a6d227-230d-4617-aa30-67fe769ce9ca.jpg?v=1632466910,https://premeftp.shop/products/supreme-morph-tee,SS20-TEE-MORP-BLK-L
Supreme,Supreme Monster Tee,,,,75.00,"Supreme Monster Tee in black, size X-Large, from the Fall/Winter 2021 collection. Released October 7, 2021.
<strong>Season:</strong> FW21
<strong>Color:</strong> Black
<strong>Size:</strong> X-Large
<strong>Release date:</strong> October 7, 2021",https://cdn.shopify.com/s/files/1/0597/9196/6369/files/Supreme-Monster-Tee-Black.webp?v=1683488674,https://premeftp.shop/products/supreme-monster-tee-x-l,FW21-TEE-MONS-BLK-XL
Supreme,Supreme Miles Davis Tee,,,,90.00,"<meta charset=""UTF-8"">

<span>Supreme's Miles Davis T-shirt was made available in Week 8 of the brand's Spring/Summer 2021 season. </span>
<bt>The Supreme Miles Davis T-shirt was released alongside six other t-shirts including an Anna Nicole Smith T-shirt. This T-shirt features a yellow Supreme Logo graphic next to an image of Miles Davis.</bt>
<div data-component=""product-trait"" class=""css-1rupy4j"" style=""text-align: center;"">
<strong><span class=""chakra-text css-k2wirk"">Season</span></strong>
<p class=""chakra-text css-xxhgqu"">SS21
</div>
<div data-component=""product-trait"" class=""css-1rupy4j"" style=""text-align: center;"">
<strong><span class=""chakra-text css-k2wirk"">Color</span></strong>
<p class=""chakra-text css-xxhgqu"">BLACK
<p class=""chakra-text css-xxhgqu""><strong>Release Date</strong>
</div>
<div data-component=""product-trait"" class=""css-1rupy4j"">
<p class=""chakra-text css-xxhgqu"" style=""text-align: center;"">04/15/2021
</div>",https://cdn.shopify.com/s/files/1/0597/9196/6369/products/image_2cfa8860-8981-4ed3-a949-9724239e8e6f.jpg?v=1632465977,https://premeftp.shop/products/supreme-miles-davis-tee,SS21-TEE-MILE-BLK-M
Supreme,Supreme Lovers Tee,,,,80.00,"Supreme Lovers Tee in woodland camo, size Medium, from the Fall/Winter 2020 collection. Released August 20, 2020.
<strong>Season:</strong> FW20
<strong>Color:</strong> Woodland Camo
<strong>Size:</strong> Medium
<strong>Release date:</strong> August 20, 2020",https://cdn.shopify.com/s/files/1/0597/9196/6369/products/image_0c32c7a8-f5ec-4598-9a72-61fc55460fae.jpg?v=1632464489,https://premeftp.shop/products/supreme-lovers-tee-medium,FW20-TEE-LOVE-NA-M
Supreme,Supreme Love That Tee,,,,70.00,"<meta charset=""utf-8"">
<div class=""css-101wtdy"" data-component=""product-trait"">
<span class=""chakra-text css-1px41cy"">Season</span>
<p class=""chakra-text css-wgsjnl"">SS22
</div>
<div class=""css-101wtdy"" data-component=""product-trait"">
<span class=""chakra-text css-1px41cy"">Color</span>
<p class=""chakra-text css-wgsjnl"">BLACK
</div>
<div class=""css-101wtdy"" data-component=""product-trait"">
<span class=""chakra-text css-1px41cy"">Release Date</span>
<p class=""chakra-text css-wgsjnl"">02/17/2022
<p class=""chakra-text css-wgsjnl""><meta charset=""utf-8""><span>Supreme released this Supreme Love That T-shirt, along with eight other graphic t-shirts, as a part of the apparel brand's Spring/Summer 2022 Week 1 delivery.</span>

<span>This black t-shirt features a black and white Supreme logo on its chest. Each t-shirt made available as a part of this release was made from a 100% cotton material.</span>

</div>
<div class=""css-101wtdy"" data-component=""product-trait""><span class=""chakra-text css-1px4...",https://cdn.shopify.com/s/files/1/0597/9196/6369/files/Supreme-Love-That-Tee-Black.webp?v=1683253489,https://premeftp.shop/products/supreme-love-that-tee-medium,SS22-TEE-LOVE-BLK-M
Supreme,Supreme Loose Gauge Beanie (FW21),,,,125.00,"Supreme Loose Gauge Beanie in green from the Fall/Winter 2021 collection. Released August 19, 2021.
<strong>Season:</strong> FW21
<strong>Color:</strong> Green
<strong>Release date:</strong> August 19, 2021",https://cdn.shopify.com/s/files/1/0597/9196/6369/files/Supreme-Loose-Gauge-Beanie-FW21-Green.webp?v=1683488564,https://premeftp.shop/products/supreme-loose-gauge-beanie-fw21,FW21-BEAN-LOOS-GRN-OS
Supreme,Supreme Loose Gauge Beanie,,,,125.00,"Supreme Loose Gauge Beanie in navy from the Fall/Winter 2017 collection. Released August 17, 2017.
<strong>Season:</strong> FW17
<strong>Color:</strong> Navy
<strong>Release date:</strong> August 17, 2017",https://cdn.shopify.com/s/files/1/0597/9196/6369/files/Supreme-Loose-Gauge-Beanie-Navy.webp?v=1683488468,https://premeftp.shop/products/supreme-loose-gauge-beanie,FW17-BEAN-LOOS-NVY-OS
Supreme,Supreme Linen Fitted Camp Cap - M/L,,,,80.00,"Supreme Linen Fitted Camp Cap in black, size M/L, from the Spring/Summer 2022 collection. Released July 7, 2022.
<strong>Season:</strong> SS22
<strong>Color:</strong> Black
<strong>Size:</strong> M/L
<strong>Release date:</strong> July 7, 2022",https://cdn.shopify.com/s/files/1/0597/9196/6369/files/Supreme-Linen-Fitted-Camp-Cap-Black.webp?v=1683252443;https://cdn.shopify.com/s/files/1/0597/9196/6369/files/Supreme-Linen-Fitted-Camp-Cap-Black-2.webp?v=1683252442,https://premeftp.shop/products/supreme-linen-fitted-camp-cap-black,SS22-CAMP-LINE-BLK-M
Supreme,Supreme League Tee,,,,75.00,"Supreme League Tee in black, size XXL, from the Spring/Summer 2023 collection. Released April 20, 2023.
<strong>Season:</strong> SS23
<strong>Color:</strong> Black
<strong>Size:</strong> XXL
<strong>Release date:</strong> April 20, 2023",https://cdn.shopify.com/s/files/1/0597/9196/6369/files/Supreme-League-Tee-Black.webp?v=1683245287,https://premeftp.shop/products/supreme-league-tee-xxl,SS23-TEE-LEAG-BLK-XXL
Supreme,Supreme Koyaanisqatsi Tee,,,,90.00,"<span>On December 17th, 2020, Supreme released nine new t-shirts as a part of their FW20 winter tees release. This Supreme t-shirt references the documentary, Koyaanisqatsi, which has no plot and explores the relationship between nature and humanity. The t-shirt features a graphic on the front including the name of the film, a Supreme logo, and the definition of the Hopi word.</span>
<div data-component=""product-trait"" class=""css-1rupy4j"" style=""text-align: center;"">
<span class=""chakra-text css-k2wirk"">Season</span>
<p class=""chakra-text css-xxhgqu"">FW20
</div>
<div data-component=""product-trait"" class=""css-1rupy4j"" style=""text-align: center;"">
<span class=""chakra-text css-k2wirk"">Color</span>
<p class=""chakra-text css-xxhgqu"">BLACK
<p class=""chakra-text css-xxhgqu"">Release Date
</div>
<div data-component=""product-trait"" class=""css-1rupy4j"">
<p class=""chakra-text css-xxhgqu"" style=""text-align: center;"">12/17/2020
</div>",https://cdn.shopify.com/s/files/1/0597/9196/6369/products/image_97d0c56f-97b9-4107-80d6-85af427ac516.jpg?v=1632467125,https://premeftp.shop/products/supreme-koyaanisqatsi-tee,FW20-TEE-KOYA-BLK-L
Supreme,Supreme Keyboard Tee,,,,80.00,"<span>Supreme's Keyboard Tee released as a part of the brand's larger drop of tees during Week 6 of their Spring/Summer 2019 collection. This tee, as its name would suggest, simply features the image of an old keyboard on the chest.</span>
<div data-component=""product-trait"" class=""css-1rupy4j"" style=""text-align: center;"">
<strong><span class=""chakra-text css-k2wirk"">Season</span></strong>
<p class=""chakra-text css-xxhgqu"">SS19
</div>
<div data-component=""product-trait"" class=""css-1rupy4j"" style=""text-align: center;"">
<strong><span class=""chakra-text css-k2wirk"">Color</span></strong>
<p class=""chakra-text css-xxhgqu"">HEATHER GREY
<p class=""chakra-text css-xxhgqu""><strong>Release Date</strong>
</div>
<div data-component=""product-trait"" class=""css-1rupy4j"">
<p class=""chakra-text css-xxhgqu"" style=""text-align: center;"">04/04/2019
</div>",https://cdn.shopify.com/s/files/1/0597/9196/6369/products/image_5ee35d45-46e6-4f8b-8fdb-88dde90726a1.jpg?v=1632466646,https://premeftp.shop/products/keyboard-tee-large,SS19-TEE-KEYB-NA-L
Supreme,Supreme HNIC Tee,,,,80.00,"Supreme HNIC Tee in black, size Medium, from the Spring/Summer 2021 collection. Released February 18, 2021.
<strong>Season:</strong> SS21
<strong>Color:</strong> Black
<strong>Size:</strong> Medium
<strong>Release date:</strong> February 18, 2021",https://cdn.shopify.com/s/files/1/0597/9196/6369/products/image_e8c73e21-2cb5-4cfe-9be8-53287d60b764.jpg?v=1632450337;https://cdn.shopify.com/s/files/1/0597/9196/6369/products/image_ac319edf-acbe-408a-9a63-808c29fe3435.jpg?v=1632453161,https://premeftp.shop/products/supreme-hnic-tee,SS21-TEE-HNIC-BLK-M
Supreme,Supreme FTP Beanie,,,,70.00,"Supreme FTP Beanie in black from the Spring/Summer 2021 collection. Released April 15, 2021.
<strong>Season:</strong> SS21
<strong>Color:</strong> Black
<strong>Release date:</strong> April 15, 2021",https://cdn.shopify.com/s/files/1/0597/9196/6369/files/Supreme-FTP-Beanie-Black.webp?v=1683487908,https://premeftp.shop/products/supreme-ftp-beanie,SS21-BEAN-FTP-BLK-OS
Supreme,Supreme Float Tee,,,,80.00,"Supreme Float Tee in black from the Spring/Summer 2022 collection. Released June 30, 2022.
<strong>Season:</strong> SS22
<strong>Color:</strong> Black
<strong>Release date:</strong> June 30, 2022",https://cdn.shopify.com/s/files/1/0597/9196/6369/files/Supreme-Float-Tee-Black.webp?v=1683254047,https://premeftp.shop/products/supreme-float-tee-black,SS22-TEE-FLOA-BLK-OS
Supreme,Supreme Five Boroughs Tee,,,,80.00,"<meta charset=""UTF-8"">
<div data-component=""ProductTraits"" class=""css-1cs6h8q"">
<div data-component=""product-trait"" class=""css-1rupy4j""><span class=""chakra-text css-k2wirk""></span></div>
<div data-component=""product-trait"" class=""css-1rupy4j""></div>
</div>
<div data-component=""ProductDescription"" class=""css-ee9ask"">
<p class=""chakra-text css-1hhars3"">Supreme didn't just resurrect their KAWS Chalk Logo with SS21, they also returned to the Classic logo with the release of the Five Boroughs t-shirt. 

This Supreme T-shirt is as New York as it gets. The shirt features the brand’s popular Classic Logo, which hasn’t found itself on a t-shirt in years, above the names of each of New York’s five boroughs.
<div data-component=""product-trait"" class=""css-1rupy4j"" style=""text-align: center;"">
<strong><span class=""chakra-text css-k2wirk"">Season</span></strong>
<p class=""chakra-text css-xxhgqu"">SS21
</div>
<div data-component=""product-trait"" class=""css-1rupy4j"" style=""text-align: center;"">
<stron...",https://cdn.shopify.com/s/files/1/0597/9196/6369/products/image_9c3c5bde-4927-4f87-b550-c9a4d1236508.jpg?v=1632449373,https://premeftp.shop/products/supreme-five-boroughs-tee-large,SS21-TEE-FIVE-BLK-L
Supreme,Supreme Fine Wale Corduroy S Logo 6-Panel,,,,85.00,"Supreme Fine Wale Corduroy S Logo 6-Panel in black from the Spring/Summer 2021 collection. Released February 18, 2021.
<strong>Season:</strong> SS21
<strong>Color:</strong> Black
<strong>Release date:</strong> February 18, 2021",https://cdn.shopify.com/s/files/1/0597/9196/6369/files/Supreme-Fine-Wale-Corduroy-S-Logo-6-Panel-Black.webp?v=1683487777;https://cdn.shopify.com/s/files/1/0597/9196/6369/files/Supreme-Fine-Wale-Corduroy-S-Logo-6-Panel-Black-2.webp?v=1683487800,https://premeftp.shop/products/supreme-fine-wale-corduroy-s-logo-6-panel,SS21-6PNL-FINE-BLK-OS
Supreme,Supreme Face Tee,,,,130.00,"Supreme Face Tee in black, size Large, from the Fall/Winter 2021 collection. Released October 7, 2021.
<strong>Season:</strong> FW21
<strong>Color:</strong> Black
<strong>Size:</strong> Large
<strong>Release date:</strong> October 7, 2021",https://cdn.shopify.com/s/files/1/0597/9196/6369/files/Supreme-Face-Tee-Black.webp?v=1683487623,https://premeftp.shop/products/supreme-face-tee-large,FW21-TEE-FACE-BLK-L
Supreme,Supreme Eyewear Tee,,,,75.00,"Supreme Eyewear Tee in black, size X-Large, from the Spring/Summer 2023 collection. Released April 20, 2023.
<strong>Season:</strong> SS23
<strong>Color:</strong> Black
<strong>Size:</strong> X-Large
<strong>Release date:</strong> April 20, 2023",https://cdn.shopify.com/s/files/1/0597/9196/6369/files/Supreme-Eyewear-Tee-Black.webp?v=1683246523,https://premeftp.shop/products/supreme-eyewear-tee-x-large,SS23-TEE-EYEW-BLK-XL
Supreme,Supreme Eyes Tee,,,,100.00,"Supreme Eyes Tee in black, size Medium, from the Spring/Summer 2022 collection. Released June 30, 2022.
<strong>Season:</strong> SS22
<strong>Color:</strong> Black
<strong>Size:</strong> Medium
<strong>Release date:</strong> June 30, 2022",https://cdn.shopify.com/s/files/1/0597/9196/6369/files/Supreme-Eyes-Tee-Black.webp?v=1683583196,https://premeftp.shop/products/supreme-eyes-tee-medium,SS22-TEE-EYES-BLK-M
Supreme,Supreme Dragon Tee,,,,80.00,"<span>Released as a part of SS20's Week 8 release, the Supreme Dragon Tee was among seven spring tees to drop. The Dragon Tee features a printed graphic of a dragon, dollar bills, cars, a mansion, and someone holding a Supreme chain in a style that seems to resemble a mixtape cover.</span>
<div data-component=""product-trait"" class=""css-1rupy4j"" style=""text-align: center;"">
<strong><span class=""chakra-text css-k2wirk"">Season</span></strong>
<p class=""chakra-text css-xxhgqu"">SS20
</div>
<div data-component=""product-trait"" class=""css-1rupy4j"" style=""text-align: center;"">
<strong><span class=""chakra-text css-k2wirk"">Color</span></strong>
<p class=""chakra-text css-xxhgqu"">DUSTY TEAL
<p class=""chakra-text css-xxhgqu""><strong>Release Date</strong>
</div>
<div data-component=""product-trait"" class=""css-1rupy4j"">
<p class=""chakra-text css-xxhgqu"" style=""text-align: center;"">04/16/2020
</div>",https://cdn.shopify.com/s/files/1/0597/9196/6369/products/image_7f995d60-5e15-4224-afda-5ea098b3a835.jpg?v=1632467555,https://premeftp.shop/products/supreme-dragon-tee-large,SS20-TEE-DRAG-NA-L
Supreme,Supreme Deer Tee,,,,70.00,"Supreme Deer Tee in black, size Medium, from the Spring/Summer 2022 collection. Released February 17, 2022.
<strong>Season:</strong> SS22
<strong>Color:</strong> Black
<strong>Size:</strong> Medium
<strong>Release date:</strong> February 17, 2022",https://cdn.shopify.com/s/files/1/0597/9196/6369/files/Supreme-Deer-Tee-Black.webp?v=1683580016;https://cdn.shopify.com/s/files/1/0597/9196/6369/files/Supreme-Deer-Tee-Black-2.webp?v=1683580016,https://premeftp.shop/products/supreme-deer-tee-medium,SS22-TEE-DEER-BLK-M
Supreme,Supreme Crest Tee,,,,80.00,"Supreme Crest Tee in black, size Medium, from the Spring/Summer 2021 collection. Released February 18, 2021.
<strong>Season:</strong> SS21
<strong>Color:</strong> Black
<strong>Size:</strong> Medium
<strong>Release date:</strong> February 18, 2021",https://cdn.shopify.com/s/files/1/0597/9196/6369/products/image_bafadc74-993a-40a9-a169-63c698d47802.jpg?v=1632454448,https://premeftp.shop/products/supreme-crest-tee-medium,SS21-TEE-CRES-BLK-M
Supreme,Supreme Crash Tee,,,,60.00,"<meta charset=""UTF-8"">
<div data-component=""ProductTraits"" class=""css-1cs6h8q"" data-mce-fragment=""1"">
<div data-component=""product-trait"" class=""css-129xwka"" data-mce-fragment=""1"">
<span class=""chakra-text css-1t6bihi"" data-mce-fragment=""1"">Season</span>
<p class=""chakra-text css-1h7lzbl"" data-mce-fragment=""1"">FW21
</div>
<div data-component=""product-trait"" class=""css-129xwka"" data-mce-fragment=""1"">
<span class=""chakra-text css-1t6bihi"" data-mce-fragment=""1"">Color</span>
<p class=""chakra-text css-1h7lzbl"" data-mce-fragment=""1"">BLACK
</div>
<div data-component=""product-trait"" class=""css-129xwka"" data-mce-fragment=""1"">
<span class=""chakra-text css-1t6bihi"" data-mce-fragment=""1"">Release Date</span>
<p class=""chakra-text css-1h7lzbl"" data-mce-fragment=""1"">10/07/2021
</div>
</div>
<div data-component=""ProductDescription"" class=""css-ee9ask"" data-mce-fragment=""1"">
<h2 class=""chakra-heading css-1stuxff"" data-mce-fragment=""1"">Product Description</h2>
<p class=""chakra-text css-1euupd1"" data-m...",https://cdn.shopify.com/s/files/1/0597/9196/6369/files/Supreme-Crash-Tee-FW21-Black.webp?v=1683484850,https://premeftp.shop/products/supreme-crash-tee-fw21-medium,FW21-TEE-CRAS-BLK-M
Supreme,Supreme Champions Box Logo New Era,,,,75.00,"Supreme Champions Box Logo New Era in wheat from the Spring/Summer 2021 collection. Released February 18, 2021.
<strong>Season:</strong> SS21
<strong>Color:</strong> Wheat
<strong>Release date:</strong> February 18, 2021",https://cdn.shopify.com/s/files/1/0597/9196/6369/files/supreme-champions-box-logo-new-era-wheat_9ced9f5c-7732-46b3-bb6d-a70c6e14790c.jpg?v=1786714920,https://premeftp.shop/products/supreme-champions-box-logo-new-era,SS21-NERA-CHAM-NA-OS
Supreme,Supreme Celtic Knot Skateboard Deck,,,,80.00,"<meta charset=""UTF-8"">
<div data-component=""ProductTraits"" class=""css-1cs6h8q"" data-mce-fragment=""1"">
<div data-component=""product-trait"" class=""css-129xwka"" data-mce-fragment=""1"">
<span class=""chakra-text css-1t6bihi"" data-mce-fragment=""1"">Season</span>
<p class=""chakra-text css-1h7lzbl"" data-mce-fragment=""1"">FW21
</div>
<div data-component=""product-trait"" class=""css-129xwka"" data-mce-fragment=""1"">
<span class=""chakra-text css-1t6bihi"" data-mce-fragment=""1"">Color</span>
<p class=""chakra-text css-1h7lzbl"" data-mce-fragment=""1"">BLACK
</div>
<div data-component=""product-trait"" class=""css-129xwka"" data-mce-fragment=""1"">
<span class=""chakra-text css-1t6bihi"" data-mce-fragment=""1"">Release Date</span>
<p class=""chakra-text css-1h7lzbl"" data-mce-fragment=""1"">08/19/2021
</div>
</div>
<div data-component=""ProductDescription"" class=""css-ee9ask"" data-mce-fragment=""1"">
<h2 class=""chakra-heading css-1stuxff"" data-mce-fragment=""1"">Product Description</h2>
<div class=""chakra-collapse"" data-mce-fra...",https://cdn.shopify.com/s/files/1/0597/9196/6369/files/Supreme-Celtic-Knot-Skateboard-Deck-Black.webp?v=1683484058;https://cdn.shopify.com/s/files/1/0597/9196/6369/files/Supreme-Celtic-Knot-Skateboard-Deck-Black-2.webp?v=1683484078,https://premeftp.shop/products/supreme-celtic-knot-skateboard-deck,FW21-DECK-CELT-BLK-OS
Supreme,Supreme Capital Beanie,,,,70.00,"Supreme Capital Beanie in black from the Fall/Winter 2022 collection. Released October 13, 2022.
<strong>Season:</strong> FW22
<strong>Color:</strong> Black
<strong>Release date:</strong> October 13, 2022",https://cdn.shopify.com/s/files/1/0597/9196/6369/files/Supreme-Capital-Beanie-Black.webp?v=1683249759;https://cdn.shopify.com/s/files/1/0597/9196/6369/files/Supreme-Capital-Beanie-Black-2.webp?v=1683249803,https://premeftp.shop/products/supreme-capital-beanie-black,FW22-BEAN-CAPI-BLK-OS
Supreme,Supreme Business Tee,,,,90.00,"Supreme Business Tee in black, size Medium, from the Spring/Summer 2023 collection. Released April 20, 2023.
<strong>Season:</strong> SS23
<strong>Color:</strong> Black
<strong>Size:</strong> Medium
<strong>Release date:</strong> April 20, 2023",https://cdn.shopify.com/s/files/1/0597/9196/6369/files/Supreme-Business-Tee-Black.webp?v=1683244722,https://premeftp.shop/products/supreme-business-tee-medium,SS23-TEE-BUSI-BLK-M
Supreme,Supreme Bottle Opener Webbing Keychain,,,,50.00,"Supreme Bottle Opener Webbing Keychain in red from the Fall/Winter 2021 collection. Released September 23, 2021.
<strong>Season:</strong> FW21
<strong>Color:</strong> Red
<strong>Release date:</strong> September 23, 2021",https://cdn.shopify.com/s/files/1/0597/9196/6369/files/supreme-bottle-opener-webbing-keychain-red_a5e7fd3b-a0e4-4b6d-825e-8c1b640f521a.jpg?v=1786714915,https://premeftp.shop/products/supreme-bottle-opener-webbing-keychain,FW21-KEY-BOTT-RED-OS
Supreme,Supreme Body Snatchers Tee,,,,75.00,"Supreme Body Snatchers Tee in black, size X-Large, from the Spring/Summer 2023 collection. Released April 20, 2023.
<strong>Season:</strong> SS23
<strong>Color:</strong> Black
<strong>Size:</strong> X-Large
<strong>Release date:</strong> April 20, 2023",https://cdn.shopify.com/s/files/1/0597/9196/6369/files/Supreme-Body-Snatchers-Tee-Black-2.webp?v=1683245528;https://cdn.shopify.com/s/files/1/0597/9196/6369/files/Supreme-Body-Snatchers-Tee-Black.webp?v=1683245528,https://premeftp.shop/products/supreme-body-snatchers-tee,SS23-TEE-BODY-BLK-XL
Supreme,Supreme Bodies Skateboard Deck,,,,100.00,"Supreme Bodies Skateboard Deck from the Fall/Winter 2021 collection. Released August 19, 2021.
<strong>Season:</strong> FW21
<strong>Release date:</strong> August 19, 2021",https://cdn.shopify.com/s/files/1/0597/9196/6369/files/Supreme-Bodies-Skateboard-Deck.webp?v=1683483615;https://cdn.shopify.com/s/files/1/0597/9196/6369/files/Supreme-Bodies-Skateboard-Deck-2.webp?v=1683483639,https://premeftp.shop/products/supreme-bodies-skateboard-deck,FW21-DECK-BODI-NA-OS
Supreme,Supreme Bleached Rib Beanie,,,,155.00,"Supreme Bleached Rib Beanie in navy from the Spring/Summer 2021 collection. Released February 18, 2021.
<strong>Season:</strong> SS21
<strong>Color:</strong> Navy
<strong>Release date:</strong> February 18, 2021",https://cdn.shopify.com/s/files/1/0597/9196/6369/files/Supreme-Bleached-Rib-Beanie-Navy.webp?v=1683483411,https://premeftp.shop/products/supreme-bleached-rib-beanie,SS21-BEAN-BLEA-NVY-OS
Supreme,Supreme Big Logo Beanie,,,,110.00,"Supreme Big Logo Beanie in red from the Fall/Winter 2021 collection. Released October 14, 2021.
<strong>Season:</strong> FW21
<strong>Color:</strong> Red
<strong>Release date:</strong> October 14, 2021",https://cdn.shopify.com/s/files/1/0597/9196/6369/files/Supreme-Big-Logo-Beanie-FW21-Red.webp?v=1683482899;https://cdn.shopify.com/s/files/1/0597/9196/6369/files/Supreme-Big-Logo-Beanie-FW21-Red-2.webp?v=1683482946,https://premeftp.shop/products/supreme-big-logo-beanie-fw21,FW21-BEAN-BIG-RED-OS
Supreme,Supreme Balloons Tee,,,,80.00,"Supreme Balloons Tee in woodland camo, size Medium, from the Fall/Winter 2020 collection. Released August 20, 2020.
<strong>Season:</strong> FW20
<strong>Color:</strong> Woodland Camo
<strong>Size:</strong> Medium
<strong>Release date:</strong> August 20, 2020",https://cdn.shopify.com/s/files/1/0597/9196/6369/products/image_0735e855-9044-4f20-9c4c-1e5853c9da93.jpg?v=1632467346,https://premeftp.shop/products/supreme-balloons-tee,FW20-TEE-BALL-NA-M
Supreme,Supreme Arabic Logo Hooded Sweatshirt,,Large,,200.00,"Supreme Arabic Logo Hooded Sweatshirt in red from the Fall/Winter 2021 collection. This product is the Large / Red variant and was released August 19, 2021.
<strong>Season:</strong> FW21
<strong>Color:</strong> Red
<strong>Size:</strong> Large
<strong>Release date:</strong> August 19, 2021",https://cdn.shopify.com/s/files/1/0597/9196/6369/products/image.jpg?v=1632339876,https://premeftp.shop/products/supreme-arabic-logo-hooded-sweatshirt,FW21-HOOD-ARAB-RED-L
Supreme,Supreme Apes Tee,,Medium,,100.00,"Supreme Apes Tee in light pine, size Medium, from the Spring/Summer 2021 collection. Released April 15, 2021.
<strong>Season:</strong> SS21
<strong>Color:</strong> Light Pine
<strong>Size:</strong> Medium
<strong>Release date:</strong> April 15, 2021",https://cdn.shopify.com/s/files/1/0597/9196/6369/products/image_d1bdda74-eeb9-4566-bfef-f4c5c282a1c8.jpg?v=1632466250,https://premeftp.shop/products/supreme-apes-tee,SS21-TEE-APES-NA-M
Supreme,Supreme Money Tee,,,,88.00,"Supreme Money Tee in black, size Large, from the Fall/Winter 2026 collection. All cotton classic Supreme t-shirt.
<strong>Season:</strong> FW26
<strong>Color:</strong> Black
<strong>Size:</strong> Large",https://cdn.shopify.com/s/files/1/0597/9196/6369/files/T46_FW26_MoneyTee_Black_1024x_f89ea79e-f237-45df-b082-5d8b3c1b7bca.jpg?v=1787359868,https://premeftp.shop/products/supreme-money-tee,FW26-TEE-MONE-BLK-L
Supreme,Supreme Puppies Tee,,,,88.00,"Supreme Puppies Tee in black, size Medium, from the Fall/Winter 2026 collection. All cotton classic Supreme t-shirt with printed graphic on front.
<strong>Season:</strong> FW26
<strong>Color:</strong> Black
<strong>Size:</strong> Medium",https://cdn.shopify.com/s/files/1/0597/9196/6369/files/T33_FW26_PuppiesTee_Black_1024x_d311778e-c60b-4c21-bb1f-1c104edda868.jpg?v=1787359867,https://premeftp.shop/products/supreme-puppies-tee,FW26-TEE-PUPP-BLK-M
Supreme,Supreme Hanes Boxer Briefs (4 Pack) - Size Large,,,,80.00,"Supreme Hanes Boxer Briefs (4 Pack) in white.
<strong>Color:</strong> White
<strong>Pack:</strong> 4 Pack
<strong>Size:</strong> Large",https://cdn.shopify.com/s/files/1/0597/9196/6369/files/tun_EOrcwM_1024x_dd39ee78-147e-42ed-8047-17b8f5e45453.jpg?v=1787359866,https://premeftp.shop/products/supreme-hanes-boxer-briefs-4-pack,NOS-UNDR-HANE-WHT-L
Supreme,Supreme Cross Track Jacket,,,,376.00,"Supreme Cross Track Jacket in light blue, size XLarge, from the Fall/Winter 2026 collection. Water-resistant Supplex® nylon taslan with mesh lining and taffeta sleeve lining. Features a full-zip closure, lower-front welt zip hand pockets, an interior chest pocket, an interior elastic shockcord at the hem, elastic cuffs, a woven patch and embroidered graphics/logos on the chest, and a logo appliqué at the back.
<strong>Season:</strong> FW26
<strong>Color:</strong> Light Blue
<strong>Size:</strong> XLarge",https://cdn.shopify.com/s/files/1/0597/9196/6369/files/ks6bbs4bzpjq2o6iu6f27w2mckf8.png?v=1787360017;https://cdn.shopify.com/s/files/1/0597/9196/6369/files/J86_FW26_CrossTrackJacket_Lt.Blue01_1024x_9ff6fd66-9af4-4a57-8b12-af52c916616b.jpg?v=1787365587;https://cdn.shopify.com/s/files/1/0597/9196/6369/files/J86_FW26_CrossTrackJacket_Lt.Blue03_1024x_fc89ec30-9813-4941-bfd3-0cc3b34e3b09.jpg?v=1787365586;https://cdn.shopify.com/s/files/1/0597/9196/6369/files/J86_FW26_CrossTrackJacket_Lt.Blue02_1024x_38d75264-a73f-4fc1-8d4c-68b71404710a.jpg?v=1787365586,https://premeftp.shop/products/supreme-cross-track-jacket,FW26-JKT-CROS-NA-OS
Supreme,Supreme Hanes Tagless Tees (3 Pack) - Size XLarge,,,,60.00,"Supreme Hanes Tagless Tees (3 Pack) in black.
<strong>Color:</strong> Black
<strong>Pack:</strong> 3 Pack
<strong>Size:</strong> XLarge",https://cdn.shopify.com/s/files/1/0597/9196/6369/files/yhpS4rc9b1c_1024x_2904b466-e2dc-41d9-a83b-b134f19cc908.jpg?v=1787359865;https://cdn.shopify.com/s/files/1/0597/9196/6369/files/A23_2x_1024x_15aeaf69-d127-46cd-ac50-4068261c9d51.jpg?v=1787365609,https://premeftp.shop/products/supreme-hanes-tagless-tees-3-pack,NOS-TEE-HANE-BLK-OS
Supreme,Supreme Sith Tee,,,,96.00,"Supreme Sith Tee in bright blue, size XLarge, from the Fall/Winter 2026 collection. All cotton classic Supreme t-shirt with printed graphic on front.
<strong>Season:</strong> FW26
<strong>Color:</strong> Bright Blue
<strong>Size:</strong> XLarge",https://cdn.shopify.com/s/files/1/0597/9196/6369/files/T25_FW26_SithTee_BrightBlue_1024x_4e2181aa-00b1-4eea-b902-9a18cab0d3c7.jpg?v=1787359863,https://premeftp.shop/products/supreme-sith-tee,FW26-TEE-SITH-NA-OS
Supreme,Supreme You Still Suck L/S Tee,,,,108.00,"Supreme You Still Suck L/S Tee in black, size Large, from the Fall/Winter 2026 collection. All cotton classic Supreme long-sleeve t-shirt with printed logo on chest and printed graphic on back.
<strong>Season:</strong> FW26
<strong>Color:</strong> Black
<strong>Size:</strong> Large",https://cdn.shopify.com/s/files/1/0597/9196/6369/files/T15_FW26_MonkeyLS_Black01_1024x_9b650521-d63f-4117-8e57-309684d827bd.jpg?v=1787359977;https://cdn.shopify.com/s/files/1/0597/9196/6369/files/T15_FW26_MonkeyLS_Black02_1024x_690c563b-0104-4151-89d5-28a6c04c650a.jpg?v=1787365632,https://premeftp.shop/products/supreme-you-still-suck-l-s-tee,FW26-LST-YOU-BLK-L
Supreme,Supreme New Era Action Beanie,,,,80.00,"Supreme New Era Action Beanie in red.
<strong>Color:</strong> Red
<strong>Brand detail:</strong> New Era",https://cdn.shopify.com/s/files/1/0597/9196/6369/files/d5qjwpi6v4kl3ewawpuzd5sja4a5.png?v=1787360036;https://cdn.shopify.com/s/files/1/0597/9196/6369/files/BN23_FW26_NewEraActionBN_Scarlet01_1024x_0ad2c171-bcc9-47e8-aa62-727a9679048b.jpg?v=1787365667;https://cdn.shopify.com/s/files/1/0597/9196/6369/files/BN23_FW26_NewEraActionBN_Scarlet02_1024x_14e897d4-9989-402b-a9a4-5704953d3691.jpg?v=1787365669,https://premeftp.shop/products/supreme-new-era-action-beanie,NOS-BEAN-ACTI-RED-OS
Supreme,Supreme Washed Chino Twill Camp Cap,,,,96.00,"Supreme Washed Chino Twill Camp Cap in checkerboard from the Fall/Winter 2026 collection. All cotton chino twill Supreme camp cap with custom debossed leather strap closure.
<strong>Season:</strong> FW26
<strong>Color:</strong> Checkerboard",https://cdn.shopify.com/s/files/1/0597/9196/6369/files/H55_FW26_WashedChinoTwillCC_CheckerPrint01_1024x_aa186cf5-6eb9-48aa-8724-2d3416e0af91.jpg?v=1787364576;https://cdn.shopify.com/s/files/1/0597/9196/6369/files/H55_FW26_WashedChinoTwillCC_CheckerPrint02_1024x_edee03dd-a7cb-45d6-94f7-b9609aca5d9b.jpg?v=1787364576,https://premeftp.shop/products/supreme-washed-chino-twill-camp-cap,FW26-CAMP-WASH-NA-OS
Supreme,Supreme Money Beanie,,,,96.00,"Supreme Money Beanie in black, from the Fall/Winter 2026 collection. Acrylic beanie with jacquard woven labels at front.
<strong>Season:</strong> FW26
<strong>Color:</strong> Black",https://cdn.shopify.com/s/files/1/0597/9196/6369/files/BN17_FW26_MoneyCufflessBN_Black02_720x_9a08c9e7-26e5-4e2e-9cdb-853223bda8e3.jpg?v=1787360210;https://cdn.shopify.com/s/files/1/0597/9196/6369/files/BN17_FW26_MoneyCufflessBN_Black01_1024x_03f2e3da-6cf9-4933-b186-a94fb64e7da1.jpg?v=1787365663;https://cdn.shopify.com/s/files/1/0597/9196/6369/files/BN17_FW26_MoneyCufflessBN_Black02_1024x_ed2d386e-fcc9-4cee-a66c-be77011eed9f.jpg?v=1787365660,https://premeftp.shop/products/supreme-money-beanie,FW26-BEAN-MONE-BLK-OS
Supreme,Supreme Reversible Camo Beanie,,,,80.00,"Supreme Reversible Camo Beanie in black from the Fall/Winter 2026 collection. Reversible acrylic beanie with jacquard knit logo pattern. Reverse side with jacquard knit logo at front.
<strong>Season:</strong> FW26
<strong>Color:</strong> Black",https://cdn.shopify.com/s/files/1/0597/9196/6369/files/BN29_FW26_ReversibleCamoCufflessBN_YellowBlack02_1024x_a742c68e-2b36-499d-986d-abda1c7fdc71.jpg?v=1787364593;https://cdn.shopify.com/s/files/1/0597/9196/6369/files/BN29_FW26_ReversibleCamoCufflessBN_YellowBlack04_1024x_ad851709-5e52-4ec7-a7bd-f344c74aceb3.jpg?v=1787364592;https://cdn.shopify.com/s/files/1/0597/9196/6369/files/BN29_1024x_d8f3867d-e4d8-4905-ab3d-bc799461c449.jpg?v=1787364590,https://premeftp.shop/products/supreme-reversible-camo-beanie,FW26-BEAN-REVE-BLK-OS
Supreme,Supreme Neck Pouch,,,,108.00,"Supreme Neck Pouch in black, from the Fall/Winter 2026 collection.
<strong>Season:</strong> FW26
<strong>Color:</strong> Black",https://cdn.shopify.com/s/files/1/0597/9196/6369/files/B10_FW26_Pouch_BlackSilverLogo01.2_720x_79da6595-44e2-4150-a157-8be7166ef3fc.jpg?v=1787360155;https://cdn.shopify.com/s/files/1/0597/9196/6369/files/B10_FW26_Pouch_BlackSilverLogo02.2_1024x_7ced322d-bdca-45ab-915c-c7fe7ad3fec6.jpg?v=1787365601;https://cdn.shopify.com/s/files/1/0597/9196/6369/files/B10_FW26_Pouch_BlackSilverLogo03.2_1024x_da23600c-fbbf-4e23-b7a3-71989668e2c4.jpg?v=1787365601;https://cdn.shopify.com/s/files/1/0597/9196/6369/files/B10_FW26_Pouch_BlackSilverLogo03_1024x_a2bfa5ad-c824-4a1e-b23a-15331a8e64db.jpg?v=1787365601,https://premeftp.shop/products/supreme-neck-pouch,FW26-BAG-NECK-BLK-OS
Supreme,Supreme Mini Shoulder Bag,,,,120.00,"Supreme Mini Shoulder Bag in black, from the Fall/Winter 2026 collection. Water-resistant Cordura® cotton-blend canvas with a 3M® Reflective logo pattern and embossed-logo lining. Features a main zip compartment with an interior zip pocket, an additional front zip pocket, an adjustable webbing shoulder strap, front utility webbing, D-ring side tabs, a rear utility tab, and a woven logo label. Approx. 6.7 × 2.4 × 4.7 in.; 1.5L.
<strong>Season:</strong> FW26
<strong>Color:</strong> Black",https://cdn.shopify.com/s/files/1/0597/9196/6369/files/B9_FW26_MiniBag_BlackSilverLogo07_1024x_74ead07e-c5c7-4e81-a084-b236546847b4.jpg?v=1787359862;https://cdn.shopify.com/s/files/1/0597/9196/6369/files/B9_FW26_MiniBag_BlackSilverLogo08_1024x_b2bb55f4-1729-4a03-8226-0799c26abf80.jpg?v=1787365595;https://cdn.shopify.com/s/files/1/0597/9196/6369/files/B9_FW26_MiniBag_BlackSilverLogo09_1024x_32605c31-a68a-493b-ae71-75f0671295f6.jpg?v=1787365594;https://cdn.shopify.com/s/files/1/0597/9196/6369/files/B9_FW26_MiniBag_BlackSilverLogo03_1024x_080bfa89-2197-46fa-be5a-f15cadda5e70.jpg?v=1787365595,https://premeftp.shop/products/supreme-mini-shoulder-bag,FW26-SBAG-MINI-BLK-OS
Supreme,Supreme Shoulder Bag,,,,156.00,"Supreme Shoulder Bag in black, from the Fall/Winter 2026 collection. Water-resistant Cordura® cotton-blend canvas with a 3M® Reflective logo pattern and embossed-logo lining. Features a main zip compartment with an interior zip pocket, a front zip compartment with organizer pockets and a hanging key clip, an additional front zip pocket, a rear hook-and-loop pouch, an adjustable webbing shoulder strap, front utility webbing, and a woven logo label. Approx. 7.5 × 3.1 × 9.1 in.; 5L.
<strong>Season:</strong> FW26
<strong>Color:</strong> Black",https://cdn.shopify.com/s/files/1/0597/9196/6369/files/B8_FW26_SideBag_BlackSilverLogo07_720x_f34dc44f-e333-4e03-939c-b48f548c47b0.jpg?v=1787360093;https://cdn.shopify.com/s/files/1/0597/9196/6369/files/B8_FW26_SideBag_BlackSilverLogo08_1024x_d82449e7-051e-4026-8e0b-92baa0627096.jpg?v=1787365894;https://cdn.shopify.com/s/files/1/0597/9196/6369/files/B8_FW26_SideBag_BlackSilverLogo09_1024x_0003545b-f7e8-43b3-bb5d-b6611631168d.jpg?v=1787365895;https://cdn.shopify.com/s/files/1/0597/9196/6369/files/B8_FW26_SideBag_BlackSilverLogo03_1024x_3e015150-32e4-43fc-a0bd-9145773af06d.jpg?v=1787365895,https://premeftp.shop/products/supreme-shoulder-bag,FW26-SBAG-SHOU-BLK-OS
Supreme,Supreme Hanes Crew Socks (4 Pack),,,,48.00,"Supreme Hanes Crew Socks (4 Pack) in heather grey.
<strong>Color:</strong> Heather Grey
<strong>Pack:</strong> 4 Pack",https://cdn.shopify.com/s/files/1/0597/9196/6369/files/A37_SS24_HanesCrewSocks_HeatherGrey04_1024x_116320c7-c7bd-4e31-9d52-1a2f05e0c829.jpg?v=1787359860,https://premeftp.shop/products/supreme-hanes-crew-socks-4-pack,NOS-SOCK-HANE-NA-OS
