Info,Version=1.0.0,Template=fx_category_template_EBAY_US
*Action(SiteID=US|Country=US|Currency=USD|Version=1193|CC=UTF-8),CustomLabel,*Category,*Title,*ConditionID,C:Brand,C:Size,C:Size Type,C:Color,C:Department,C:Type,C:Style,C:Sleeve Length,PicURL,*Description,*Format,*Duration,*StartPrice,BestOfferEnabled,MinimumBestOfferPrice,*Quantity,*Location,PostalCode,ShippingProfileName,ReturnProfileName,PaymentProfileName,PackageType,WeightMajor,WeightMinor,WeightUnit,PackageLength,PackageWidth,PackageDepth
Add,FW21-6PNL-THRA-ROY-S,52365,Supreme Thrasher 6-Panel Royal FW21,1000,Supreme,One Size,,Royal,Men,,Baseball Cap,,https://cdn.shopify.com/s/files/1/0597/9196/6369/files/Supreme-Thrasher-6-Panel-Royal.webp|https://cdn.shopify.com/s/files/1/0597/9196/6369/files/Supreme-Thrasher-6-Panel-Royal-2.webp,"<p>Supreme x Thrasher 6-Panel in royal, size Small, from the Fall/Winter 2021 collection. Released September 23, 2021.</p><p><strong>Season:</strong> FW21<br><strong>Color:</strong> Royal<br><strong>Size:</strong> Small<br><strong>Release date:</strong> September 23, 2021</p>
<ul><li>Brand: Supreme</li><li>Season: FW21</li><li>Color: Royal</li><li>Size: One Size</li><li>Condition: New with tags</li></ul>",FixedPrice,GTC,55.00,1,44.00,1,"Marlboro, NY",12542,ALL SALES ARE FINAL,NO RETURNS,IMMEDIATE PAYMENT,PackageThickEnvelope,0,10,lb,12,9,6
Add,FW20-BEAN-SEQU-NVY-OS,52365,Supreme New Era Sequin Beanie Navy FW20,1000,Supreme,One Size,,Navy,Men,,Beanie,,https://cdn.shopify.com/s/files/1/0597/9196/6369/files/Supreme-New-Era-Sequin-Beanie-Navy.webp|https://cdn.shopify.com/s/files/1/0597/9196/6369/files/Supreme-New-Era-Sequin-Beanie-Navy-2.webp,"<p>Supreme New Era Sequin Beanie in navy from the Fall/Winter 2020 collection. Released October 29, 2020.</p><p><strong>Season:</strong> FW20<br><strong>Color:</strong> Navy<br><strong>Release date:</strong> October 29, 2020</p>
<ul><li>Brand: Supreme</li><li>Season: FW20</li><li>Color: Navy</li><li>Size: One Size</li><li>Condition: New with tags</li></ul>",FixedPrice,GTC,49.00,1,39.20,1,"Marlboro, NY",12542,ALL SALES ARE FINAL,NO RETURNS,IMMEDIATE PAYMENT,PackageThickEnvelope,0,8,lb,10,8,2
Add,SS22-TEE-EYES-BLK-M,15687,Supreme Eyes Tee Black Size M SS22,1000,Supreme,M,Regular,Black,Men,T-Shirt,Graphic Tee,Short Sleeve,https://cdn.shopify.com/s/files/1/0597/9196/6369/files/Supreme-Eyes-Tee-Black.webp,"<p>Supreme Eyes Tee in black, size Medium, from the Spring/Summer 2022 collection. Released June 30, 2022.</p><p><strong>Season:</strong> SS22<br><strong>Color:</strong> Black<br><strong>Size:</strong> Medium<br><strong>Release date:</strong> June 30, 2022</p>
<ul><li>Brand: Supreme</li><li>Season: SS22</li><li>Color: Black</li><li>Size: M</li><li>Condition: New with tags</li></ul>",FixedPrice,GTC,75.00,1,60.00,1,"Marlboro, NY",12542,ALL SALES ARE FINAL,NO RETURNS,IMMEDIATE PAYMENT,PackageThickEnvelope,0,13,lb,12,10,2
Add,FW20-NERA-WIND-PNK-OS,52365,Supreme WINDSTOPPER Earflap Box Logo New Era Pink Size 7 3/8 FW20,1000,Supreme,7 3/8,,Pink,Men,,Baseball Cap,,https://cdn.shopify.com/s/files/1/0597/9196/6369/files/Supreme-WINDSTOPPER-Earflap-Box-Logo-New-Era-Pink.webp,"<p>Supreme WINDSTOPPER Earflap Box Logo New Era in pink, size 7 3/8, from the Fall/Winter 2020 collection. Released December 24, 2020.</p><p><strong>Season:</strong> FW20<br><strong>Color:</strong> Pink<br><strong>Size:</strong> 7 3/8<br><strong>Release date:</strong> December 24, 2020</p>
<ul><li>Brand: Supreme</li><li>Season: FW20</li><li>Color: Pink</li><li>Size: 7 3/8</li><li>Condition: New with tags</li></ul>",FixedPrice,GTC,60.00,1,48.00,1,"Marlboro, NY",12542,ALL SALES ARE FINAL,NO RETURNS,IMMEDIATE PAYMENT,PackageThickEnvelope,0,12,lb,12,9,6
Add,SS21-BEAN-NIKE-BLU-OS,52365,Supreme Nike Jacquard Logos Beanie Blue SS21,1000,Supreme,One Size,,Blue,Men,,Beanie,,https://cdn.shopify.com/s/files/1/0597/9196/6369/files/Supreme-Nike-Jacquard-Logos-Beanie-Blue.webp,"<p>Supreme x Nike Jacquard Logos Beanie in blue from the Spring/Summer 2021 collection. Released March 11, 2021.</p><p><strong>Season:</strong> SS21<br><strong>Color:</strong> Blue<br><strong>Release date:</strong> March 11, 2021</p>
<ul><li>Brand: Supreme</li><li>Season: SS21</li><li>Color: Blue</li><li>Size: One Size</li><li>Condition: New with tags</li></ul>",FixedPrice,GTC,85.00,1,68.00,1,"Marlboro, NY",12542,ALL SALES ARE FINAL,NO RETURNS,IMMEDIATE PAYMENT,PackageThickEnvelope,0,8,lb,10,8,2
Add,FW21-TEE-THRA-ROY-M,15687,Supreme Thrasher Skyline Tee Royal Size M FW21,1000,Supreme,M,Regular,Royal,Men,T-Shirt,Graphic Tee,Short Sleeve,https://cdn.shopify.com/s/files/1/0597/9196/6369/files/Supreme-Thrasher-Skyline-Tee-Royal.webp,"<p>Supreme x Thrasher Skyline Tee in royal, size Medium, from the Fall/Winter 2021 collection. Released September 23, 2021.</p><p><strong>Season:</strong> FW21<br><strong>Color:</strong> Royal<br><strong>Size:</strong> Medium<br><strong>Release date:</strong> September 23, 2021</p>
<ul><li>Brand: Supreme</li><li>Season: FW21</li><li>Color: Royal</li><li>Size: M</li><li>Condition: New with tags</li></ul>",FixedPrice,GTC,45.00,1,36.00,1,"Marlboro, NY",12542,ALL SALES ARE FINAL,NO RETURNS,IMMEDIATE PAYMENT,PackageThickEnvelope,0,13,lb,12,10,2
Add,FW21-TEE-CRAS-BLK-M,15687,Supreme Crash Tee Black Size M FW21,1000,Supreme,M,Regular,Black,Men,T-Shirt,Graphic Tee,Short Sleeve,https://cdn.shopify.com/s/files/1/0597/9196/6369/files/Supreme-Crash-Tee-FW21-Black.webp,"<p>Supreme Crash Tee in black from the Fall/Winter 2021 collection.</p>
<ul>
<li>Brand: Supreme</li>
<li>Season: FW21</li>
<li>Color: Black</li>
<li>Size: Medium</li>
<li>Release date: 10/07/2021</li>
<li>Condition: New with tags</li></ul>",FixedPrice,GTC,55.00,1,44.00,1,"Marlboro, NY",12542,ALL SALES ARE FINAL,NO RETURNS,IMMEDIATE PAYMENT,PackageThickEnvelope,0,13,lb,12,10,2
Add,FW20-MISC-COLG-NA-OS,67422,Supreme x Colgate Toothpaste (Not Fit For Human Use) FW20,1000,Supreme,,,,,Toothpaste,,,https://cdn.shopify.com/s/files/1/0597/9196/6369/files/Supreme-x-Colgate-Toothpaste-8x-Lot-Not-Fit-For-Human-Use.webp|https://cdn.shopify.com/s/files/1/0597/9196/6369/files/Supreme-x-Colgate-Toothpaste-4x-Lot-Not-Fit-For-Human-Use.webp,"<p>Supreme x Colgate Toothpaste from the Fall/Winter 2020 collection. Released October 8, 2020.</p><p><strong>Important:</strong> This product is labeled <strong>Not Fit For Human Use</strong>.</p><p><strong>Season:</strong> FW20<br><strong>Release date:</strong> October 8, 2020</p>
<ul><li>Brand: Supreme</li><li>Season: FW20</li><li>Condition: New with tags</li></ul>",FixedPrice,GTC,14.00,1,11.20,4,"Marlboro, NY",12542,ALL SALES ARE FINAL,NO RETURNS,IMMEDIATE PAYMENT,PackageThickEnvelope,0,8,lb,9,4,2
